ticker,text,username,timestamp,likes,retweets,replies,views
SCHIZO,195,"dumpster (schizo arc)
@imaDUMPSTERfr
Â·
13h",2025-01-12T16:51:21.000Z,12,3,2,195
SCHIZO,331,"hades
@hadesalt00
Â·
21h",2025-01-12T08:14:48.000Z,9,0,0,331
SCHIZO,643,"Robâ€™
@robinvaders
Â·
12h",2025-01-12T17:12:34.000Z,7,1,2,643
SCHIZO,80,"Degen Legion
@degenlegion_com
Â·
13h",2025-01-12T16:19:34.000Z,3,0,1,80
SCHIZO,718,"Marusha
@mattomattik
Â·
Jan 11",2025-01-12T00:31:07.000Z,8,0,1,718
SCHIZO,93,"RealityCzarsPodcast
@RealityCzarsPod
Â·
Jan 11",2025-01-12T00:22:49.000Z,5,3,0,93
SCHIZO,63,"hades
@hadesalt00
Â·
11h",2025-01-12T18:26:56.000Z,4,0,0,63
SCHIZO,1.9K,"schizo
@ReviveMarc
Â·
Jan 11",2025-01-12T02:11:43.000Z,20,0,1,1900
SCHIZO,367,"KEMâ‚¿A
@KING__KEMBA
Â·
Jan 11",2025-01-12T01:24:02.000Z,3,0,1,367
SCHIZO,54,"ã‚¸ãƒ§ãƒ¼ volx
@schizo_volx
Â·
Jan 11",2025-01-12T04:51:48.000Z,6,1,1,54
SCHIZO,63,"Degen Legion
@degenlegion_com
Â·
11h",2025-01-12T18:45:40.000Z,2,0,0,63
SCHIZO,61,"SeiaSchizo
@SeiaSchizo
Â·
6h",2025-01-12T23:16:12.000Z,3,0,1,61
SCHIZO,86,"ğ’©ğ“‹ğ’¾ğ’¶ ğ’¹ğ’¾ğ‘’ğ“ˆ â˜§
@nvlaavtismka823
Â·
9h",2025-01-12T20:32:26.000Z,6,0,0,86
SCHIZO,751,"KEMâ‚¿A
@KING__KEMBA
Â·
19h",2025-01-12T10:58:06.000Z,26,6,4,751
SCHIZO,278,"â€” rouille
@RUSTSYS
Â·
21h",2025-01-12T08:07:50.000Z,12,1,0,278
SCHIZO,130,"Hunter Biden Stan Schizo Arc
@hunterbidenDem
Â·
5h",2025-01-13T00:45:32.000Z,4,1,1,130
SCHIZO,771,"ğ“…®
@weenerskizo_b
Â·
14h",2025-01-12T15:45:14.000Z,12,12,19,771
SCHIZO,38K,"Schizo
@schizoswoche
Â·
18h",2025-01-12T11:22:57.000Z,60,26,11,38000
SCHIZO,314,"SchizoBreakdown
@SchizoBreakdown
Â·
Jan 11",2025-01-12T04:06:12.000Z,12,1,0,314
SCHIZO,14,"schizo
@f39egripen
Â·
19m",2025-01-13T05:46:36.000Z,2,0,1,14
SCHIZO,775,"Bounty (bsms/acc)
@Bountybeety1
Â·
16h",2025-01-12T13:12:04.000Z,9,0,1,775
SCHIZO,194,"Grimnir
@GrimnirHangi
Â·
12h",2025-01-12T17:53:47.000Z,4,2,1,194
SCHIZO,86,"0xMatt
@0xVexity
Â·
8h",2025-01-12T21:38:20.000Z,4,0,0,86
SCHIZO,923,"Okabesan
@schizo_okabe
Â·
4h",2025-01-13T01:40:02.000Z,29,1,1,923
SCHIZO,301,"kwantxbt
@kwantxbt
Â·
Jan 11",2025-01-12T01:26:02.000Z,6,2,2,301
SCHIZO,76,"Epick Chicken
@EpickChicken
Â·
14h",2025-01-12T16:05:47.000Z,6,0,3,76
SCHIZO,48,"personaÂ²
@PommernSchizo
Â·
18h",2025-01-12T11:18:20.000Z,5,2,0,48
SCHIZO,4K,"Mr.XiaoHui
@shianqianyu
Â·
Jan 11",2025-01-12T03:43:33.000Z,32,5,11,4000
SCHIZO,26,"Based Schizo
@realBasedSchizo
Â·
10h",2025-01-12T20:05:52.000Z,4,0,1,26
SCHIZO,340,"SchizoBreakdown
@SchizoBreakdown
Â·
21h",2025-01-12T08:35:43.000Z,12,1,1,340
SCHIZO,112,"âœ  Liquid âœ 
@liquid_schizo
Â·
7h",2025-01-12T22:57:57.000Z,11,0,2,112
SCHIZO,39,"ã‚¸ãƒ§ãƒ¼ volx
@schizo_volx
Â·
7h",2025-01-12T22:47:05.000Z,5,1,0,39
SCHIZO,1.1K,"Tikiw0w
@Tikiwow987
Â·
Jan 11",2025-01-12T05:37:11.000Z,39,10,5,1100
SCHIZO,75,"SeiaSchizo
@SeiaSchizo
Â·
1h",2025-01-13T04:55:59.000Z,2,0,0,75
SCHIZO,44,"Europa Is Mine
@europa_is_mine_
Â·
15h",2025-01-12T14:56:56.000Z,2,0,0,44
SCHIZO,42,"Swanson Trading
@SwansonTrading
Â·
9h",2025-01-12T20:39:46.000Z,2,0,0,42
SCHIZO,228,"Feet
@crypteriou
Â·
13h",2025-01-12T16:18:27.000Z,6,0,0,228
SCHIZO,131,"mooncakes
@m00nstez
Â·
35m",2025-01-13T05:30:36.000Z,6,2,0,131
SCHIZO,107,"DAOLATÎUR
@daolateur
Â·
8h",2025-01-12T21:29:27.000Z,6,0,0,107
SCHIZO,406,"dakka_wardad (schizo)
@BWardad
Â·
11h",2025-01-12T18:33:48.000Z,5,0,0,406
SCHIZO,86,"Based Schizo
@realBasedSchizo
Â·
18h",2025-01-12T12:00:02.000Z,9,1,2,86
SCHIZO,219,"Ê‡ÉÉ¯0Ê‡dÄ±É¹Ê : ğš‘ğš˜ğš•ğš˜ğš—ğšŠğšğšğš’ğšŒ ğšğš—ğšğš’ğš—ğšğšğš›
@kript0mat
Â·
16h",2025-01-12T13:29:01.000Z,15,3,1,219
SCHIZO,55,"rozuennie
@noahmilfer69
Â·
6h",2025-01-13T00:03:10.000Z,3,0,0,55
SCHIZO,133,"ğ˜‹ğ˜¦ğ˜±ğ˜µğ˜© ğ˜›ğ˜©ğ˜¢ğ˜·ğ˜¦ğ˜­
@SchizoThavel
Â·
4h",2025-01-13T01:14:24.000Z,9,3,3,133
SCHIZO,186,"Donestk's_Regain | Milslop/Ruslop Artist
@Donestki_Schizo
Â·
18h",2025-01-12T11:57:45.000Z,10,2,0,186
SCHIZO,58,"Trap
@TRAPJNR
Â·
2h",2025-01-13T03:34:07.000Z,3,0,0,58
SCHIZO,939,"Jayk
@jayk_23_
Â·
12h",2025-01-12T17:52:26.000Z,24,2,4,939
SCHIZO,2.6K,"Nufseyd
@nufseyd
Â·
11h",2025-01-12T18:06:35.000Z,62,1,9,2600
SCHIZO,29,"washed schizo editor
@foidattacker
Â·
Jan 11",2025-01-12T05:18:03.000Z,2,0,0,29
SCHIZO,1.1K,"Schizo Abe
@nopastrecords
Â·
18h",2025-01-12T11:56:44.000Z,10,0,0,1100
BEAN,1.1K,"tommy
@britreligion
Â·
1h",2025-01-13T05:04:43.000Z,30,12,0,1100
BEAN,515,"Hex Conference
@hexconference
Â·
15h",2025-01-12T14:13:12.000Z,14,4,0,515
BEAN,40,"Blake N. Behrens
@BNBehrens
Â·
4h",2025-01-13T01:52:56.000Z,3,0,0,40
BEAN,911,"American Soybean Association
@ASA_Soybeans
Â·
18h",2025-01-12T12:00:48.000Z,4,1,0,911
BEAN,104K,"bean
@_douya
Â·
18h",2025-01-12T11:32:37.000Z,11000,1200,27,104000
BEAN,86,"(bean)
@ComDemirglo
Â·
20h",2025-01-12T09:09:23.000Z,10,14,214,86
BEAN,1.1K,"James Bean
@PrgaviM
Â·
11h",2025-01-12T18:54:25.000Z,55,18,7,1100
BEAN,115,"James Baldolfini
@BoggisBvnceBean
Â·
2h",2025-01-13T03:53:29.000Z,8,0,0,115
BEAN,284,"James Baldolfini
@BoggisBvnceBean
Â·
2h",2025-01-13T03:49:26.000Z,6,0,1,284
BEAN,818,"Bean (chad)
@beancardano
Â·
19h",2025-01-12T10:52:12.000Z,16,5,1,818
BEAN,328,"Nature Bean
@The_Nature_Bean
Â·
17h",2025-01-12T12:48:32.000Z,13,4,0,328
BEAN,13,"Alpha Le$bean
@ItsASMari_
Â·
1h",2025-01-13T04:48:04.000Z,2,0,1,13
BEAN,37,"NW Temper
@Ecrow69
Â·
5h",2025-01-13T00:07:30.000Z,4,0,0,37
BEAN,93,"Paul Bean
@pbeanVT
Â·
5h",2025-01-13T00:27:13.000Z,6,0,0,93
BEAN,139,"ClipTron
@ClipTronAI
Â·
11h",2025-01-12T18:48:08.000Z,6,2,1,139
BEAN,63,"â¼ ğ™—ğ™–ğ™ªğ™¨ â¼
@86baus
Â·
13h",2025-01-12T16:30:26.000Z,7,0,1,63
BEAN,201,"The Last Bro
@TheLastBroo
Â·
2h",2025-01-13T03:31:58.000Z,17,3,1,201
BEAN,600,"Vho-Tshinyadzo
@ReezaySA
Â·
10h",2025-01-12T20:05:26.000Z,6,8,0,600
BEAN,120,"BloomBeans
@Bloom_Beans
Â·
8h",2025-01-12T21:59:32.000Z,7,1,2,120
BEAN,1.3K,"Solvanna
@simplysavmarie
Â·
23h",2025-01-12T06:31:53.000Z,18,2,4,1300
BEAN,628,"JuJu Bean
@medusahead817
Â·
12h",2025-01-12T17:49:49.000Z,6,2,0,628
BEAN,57,"STRICTLY FOR THE CULTURE
@alwaysSFTC
Â·
5h",2025-01-13T00:24:00.000Z,4,0,0,57
BEAN,47,"Benjamin/Bean
@VerchielMarch
Â·
5h",2025-01-13T00:41:57.000Z,12,0,2,47
BEAN,204,"James Bean
@PrgaviM
Â·
20h",2025-01-12T09:51:22.000Z,12,6,4,204
BEAN,9,"Izzy
@BeanAffiliated
Â·
1h",2025-01-13T05:00:16.000Z,2,0,0,9
BEAN,594,"Roger J. Wright
@rjw1249
Â·
15h",2025-01-12T14:13:51.000Z,5,0,0,594
BEAN,25,"AzukiBeanBot
@AzukiBeanBot
Â·
4h",2025-01-13T01:24:10.000Z,2,0,0,25
BEAN,218,"FrostNF
@FrostNF_
Â·
5h",2025-01-13T00:53:18.000Z,15,2,1,218
BEAN,721,"ãˆã 
@mame_bean_eda
Â·
4h",2025-01-13T01:25:32.000Z,8,1,0,721
BEAN,869,"Panzuki.eth
@PandaAsiaStreet
Â·
Jan 11",2025-01-12T03:51:38.000Z,11,2,3,869
BEAN,1K,"LeafGobâ€™s Mean Bean Machineâ„¢ #thugtwt
@EnkiWoundJob
Â·
4h",2025-01-13T01:19:28.000Z,25,2,0,1000
BEAN,27,"Menjobenjo
@BeanMakima
Â·
32m",2025-01-13T05:33:54.000Z,5,0,2,27
BEAN,125,"fabulous fruity love child | cysm?
@ricathebean
Â·
13h",2025-01-12T16:11:35.000Z,4,1,1,125
BEAN,482,"ãˆã 
@mame_bean_eda
Â·
3h",2025-01-13T02:13:10.000Z,11,0,0,482
BEAN,48,"don frijole
@bean_b0ss
Â·
5h",2025-01-13T01:04:47.000Z,3,0,2,48
BEAN,41K,"Nin Bean á¥«á­¡.
@9inamarie
Â·
15h",2025-01-12T14:58:01.000Z,1600,21,11,41000
BEAN,11K,"jin picsâ·
@jinieshour
Â·
19h",2025-01-12T10:55:16.000Z,1300,180,0,11000
BEAN,135,"LeafGobâ€™s Mean Bean Machineâ„¢ #thugtwt
@EnkiWoundJob
Â·
7h",2025-01-12T22:53:14.000Z,7,2,1,135
BEAN,800,"EBeanS(ã‚¤ãƒ¼ãƒ“ãƒ¼ãƒ³ã‚º)å…¬å¼
@EBeanS_sendai
Â·
2h",2025-01-13T03:55:40.000Z,4,0,0,800
BEAN,1K,"Maria Lichty
@TwoPeasandPod
Â·
8h",2025-01-12T21:13:40.000Z,7,4,0,1000
BEAN,106,"Paul Bean
@pbeanVT
Â·
16h",2025-01-12T14:01:12.000Z,6,0,1,106
BEAN,317,"Aaron Bean
@RepAaronBean
Â·
2h",2025-01-13T03:15:01.000Z,10,0,1,317
BEAN,51,"Red Flag
@RicinBean
Â·
1h",2025-01-13T05:05:52.000Z,2,0,0,51
BEAN,38,"Grandpa Ham
@GrandpaHamAM
Â·
1h",2025-01-13T04:08:35.000Z,3,1,1,38
BEAN,172K,"Romi Bean
@Romi_Bean
Â·
14h",2025-01-12T16:03:51.000Z,1300,66,22,172000
BEAN,330,"James Bean
@PrgaviM
Â·
10h",2025-01-12T19:55:58.000Z,25,7,7,330
BEAN,57,"Senile Simmer
@SenileSimmer
Â·
5h",2025-01-13T01:01:02.000Z,5,4,0,57
BEAN,461,"Tina Bean
@cuddlybaer11
Â·
9h",2025-01-12T20:07:04.000Z,16,1,1,461
BEAN,330,"James Bean
@PrgaviM
Â·
10h",2025-01-12T19:55:58.000Z,25,7,7,330
BEAN,57,"Senile Simmer
@SenileSimmer
Â·
5h",2025-01-13T01:01:02.000Z,5,4,0,57
Kitty,23,"kitty appearances
@caseohskittyuh
Â·
1m",2025-01-13T06:03:53.000Z,17,6,0,23
Kitty,244K,"xgerman_kitty_catx | comms OPEN
@kittycat_german
Â·
Jan 11",2025-01-12T00:10:26.000Z,39000,5200,27,244000
Kitty,2.3K,"MAGA Kitty
@SaveUSAKitty
Â·
10h",2025-01-12T19:24:56.000Z,84,28,10,2300
Kitty,13K,"Kitty
@MrsRedskins
Â·
5h",2025-01-13T00:51:38.000Z,172,23,13,13000
Kitty,1.8K,"MAGA Kitty
@SaveUSAKitty
Â·
12h",2025-01-12T17:27:28.000Z,96,33,16,1800
Kitty,455,"YOUNGBLOOD
@youngbloodtwon
Â·
18h",2025-01-12T11:33:59.000Z,41,1,27,455
Kitty,94K,"Netflix UK & Ireland
@NetflixUK
Â·
19h",2025-01-12T11:00:01.000Z,3600,374,15,94000
Kitty,951,"MAGA Kitty
@SaveUSAKitty
Â·
10h",2025-01-12T19:18:11.000Z,49,15,11,951
Kitty,2.8K,"TrumpsKitten
@TrumpsBadKitty
Â·
7h",2025-01-12T22:11:31.000Z,211,58,23,2800
Kitty,26K,"@w0ndercolor
Â·
9h",2025-01-12T20:25:53.000Z,1300,195,3,26000
Kitty,110K,"kitty & minho hq
@kinhodaily
Â·
10h",2025-01-12T19:59:02.000Z,2400,374,25,110000
Kitty,610,"Based Normie Mama
@BasedNormieMama
Â·
3h",2025-01-13T02:28:26.000Z,45,2,7,610
Kitty,172,"ğ™‚ğ™‚
@85mmKitty
Â·
16h",2025-01-12T13:09:47.000Z,32,2,2,172
Kitty,1.1K,"MAGA Kitty
@SaveUSAKitty
Â·
13h",2025-01-12T16:16:53.000Z,30,11,4,1100
Kitty,3.1K,"nadine ğ–¦¹ â‚ŠËš
@spockiese
Â·
Jan 11",2025-01-12T02:12:50.000Z,319,69,4,3100
Kitty,152,"Civort
@CivortArt
Â·
21h",2025-01-12T09:04:00.000Z,13,1,8,152
Kitty,886,"MAGA Kitty
@SaveUSAKitty
Â·
14h",2025-01-12T15:34:52.000Z,49,14,5,886
Kitty,33,"Mighty Kitty
@The_mightykitty
Â·
4m",2025-01-13T06:01:00.000Z,10,0,10,33
Kitty,356K,"kitty / kat :3
@katwept
Â·
Jan 11",2025-01-12T02:01:14.000Z,19000,925,11,356000
Kitty,189,"b
@draingirl_
Â·
17m",2025-01-13T05:48:20.000Z,18,1,5,189
Kitty,100,"ğ•¹ğ–ğ–—ğ–šğ–’ğ–ğ–“ğ–š
@Niruminu
Â·
2h",2025-01-13T03:24:46.000Z,10,0,1,100
Kitty,77,"BRANDI
@Americanmama44
Â·
4h",2025-01-13T01:08:17.000Z,4,1,1,77
Kitty,921,"ìµ¸
@kitty_a1a
Â·
1h",2025-01-13T04:49:49.000Z,29,10,1,921
Kitty,168,"Maryam Ghafoor
@GhafoorMaryam
Â·
12h",2025-01-12T17:33:44.000Z,11,8,0,168
Kitty,13K,"deily | the ceo of silly kitty
@DeiIy__
Â·
Jan 11",2025-01-12T01:17:51.000Z,1100,204,6,13000
Kitty,64,"Maryam Ghafoor
@GhafoorMaryam
Â·
1h",2025-01-13T04:18:25.000Z,5,3,0,64
Kitty,1.3K,"æ™ºæ…§ (zhihui)
@abovecelestial
Â·
4h",2025-01-13T01:24:25.000Z,92,23,2,1300
Kitty,4.3K,"MAGA Kitty
@SaveUSAKitty
Â·
10h",2025-01-12T19:11:56.000Z,109,16,24,4300
Kitty,12K,"â™¡
@renjuns323
Â·
16h",2025-01-12T13:48:21.000Z,1700,341,0,12000
Kitty,856,"MAGA Kitty
@SaveUSAKitty
Â·
8h",2025-01-12T21:48:50.000Z,38,18,3,856
Kitty,21K,"jessica ang ~
@valrani_skz
Â·
21h",2025-01-12T08:17:08.000Z,3200,598,5,21000
Kitty,655,"Fella HendrÄ«x
@fella6_9
Â·
6h",2025-01-12T23:27:03.000Z,50,5,8,655
Kitty,1.3K,"Leader of the Hello Kitty Pack
@LFHelloKitty
Â·
1h",2025-01-13T05:01:59.000Z,54,9,47,1300
Kitty,108,"Matt Gilbert #RIPDoriMonson
@mattgilblezy
Â·
25m",2025-01-13T05:40:13.000Z,2,0,2,108
Kitty,655,"Fella HendrÄ«x
@fella6_9
Â·
6h",2025-01-12T23:27:03.000Z,50,5,8,655
Kitty,1.3K,"Leader of the Hello Kitty Pack
@LFHelloKitty
Â·
1h",2025-01-13T05:01:59.000Z,54,9,47,1300
Kitty,108,"Matt Gilbert #RIPDoriMonson
@mattgilblezy
Â·
25m",2025-01-13T05:40:13.000Z,2,0,2,108
Kitty,8.1K,"kitty boo
@___febmar
Â·
19h",2025-01-12T10:26:49.000Z,807,612,0,8100
Kitty,10K,"ğ‘´ğğ ğšğ§.
@damselsofode
Â·
21h",2025-01-12T09:02:15.000Z,276,19,14,10000
Kitty,108,"Matt Gilbert #RIPDoriMonson
@mattgilblezy
Â·
25m",2025-01-13T05:40:13.000Z,2,0,2,108
Kitty,8.1K,"kitty boo
@___febmar
Â·
19h",2025-01-12T10:26:49.000Z,807,612,0,8100
Kitty,10K,"ğ‘´ğğ ğšğ§.
@damselsofode
Â·
21h",2025-01-12T09:02:15.000Z,276,19,14,10000
Kitty,108,"Matt Gilbert #RIPDoriMonson
@mattgilblezy
Â·
25m",2025-01-13T05:40:13.000Z,2,0,2,108
Kitty,8.1K,"kitty boo
@___febmar
Â·
19h",2025-01-12T10:26:49.000Z,807,612,0,8100
Kitty,10K,"ğ‘´ğğ ğšğ§.
@damselsofode
Â·
21h",2025-01-12T09:02:15.000Z,276,19,14,10000
Kitty,108,"Matt Gilbert #RIPDoriMonson
@mattgilblezy
Â·
25m",2025-01-13T05:40:13.000Z,2,0,2,108
Kitty,8.1K,"kitty boo
@___febmar
Â·
19h",2025-01-12T10:26:49.000Z,807,612,0,8100
Kitty,10K,"ğ‘´ğğ ğšğ§.
@damselsofode
Â·
21h",2025-01-12T09:02:15.000Z,276,19,14,10000
Kitty,108,"Matt Gilbert #RIPDoriMonson
@mattgilblezy
Â·
25m",2025-01-13T05:40:13.000Z,2,0,2,108
Kitty,8.1K,"kitty boo
@___febmar
Â·
19h",2025-01-12T10:26:49.000Z,807,612,0,8100
COPPER,58K,"T-Pop TJai (à¸—à¸µà¸›à¹Šà¸­à¸› à¸—à¸µà¹ƒà¸ˆ)
@tpoptjai_
Â·
17h",2025-01-12T12:49:46.000Z,2900,2600,48,58000
COPPER,11K,"Copper Sulphate
@riko_tweets
Â·
19h",2025-01-12T10:36:05.000Z,156,26,4,11000
COPPER,565,"BlackAnkle Girl
@CopperDaisyNC
Â·
17h",2025-01-12T12:32:12.000Z,30,8,3,565
COPPER,27,"CulpeoMinerals
@CulpeoMinerals
Â·
4h",2025-01-13T01:15:57.000Z,2,0,0,27
COPPER,147,"Challenger Gold Limited
@ChallengerGold
Â·
2h",2025-01-13T03:26:24.000Z,6,3,0,147
COPPER,13,"Dave
@DaveCCopper
Â·
15h",2025-01-12T14:25:03.000Z,2,1,0,13
COPPER,303,"Mike Copper
@ETNcopper
Â·
11h",2025-01-12T18:33:23.000Z,2,0,0,303
COPPER,248,"BEST BOY COPPER
@coppermybest
Â·
23h",2025-01-12T06:22:47.000Z,8,9,0,248
COPPER,346,"Mike Copper
@ETNcopper
Â·
13h",2025-01-12T16:33:52.000Z,2,0,0,346
COPPER,9.5K,"Copper Sulphate
@riko_tweets
Â·
19h",2025-01-12T10:06:51.000Z,152,24,1,9500
COPPER,352,"Copper | ( Active )
@Copper_Chark
Â·
4h",2025-01-13T02:00:01.000Z,16,8,1,352
COPPER,415,"Copper
@Mnzindalashhun
Â·
20h",2025-01-12T10:03:50.000Z,9,3,0,415
COPPER,3.1K,"MINING.COM
@mining
Â·
11h",2025-01-12T18:57:09.000Z,10,5,0,3100
COPPER,92,"J_Wise_geology
@J_Wise_geology
Â·
11h",2025-01-12T18:21:34.000Z,4,0,0,92
COPPER,949,"$Trader
@GDXTrader
Â·
10h",2025-01-12T19:24:42.000Z,6,1,0,949
COPPER,45,"orvack
@orvack
Â·
11h",2025-01-12T18:58:51.000Z,2,0,0,45
COPPER,318,"Copper_Colored_Swag
@JK_1953_JK
Â·
13h",2025-01-12T16:47:16.000Z,6,0,0,318
COPPER,301,"BEST BOY COPPER
@coppermybest
Â·
23h",2025-01-12T06:51:29.000Z,9,10,0,301
COPPER,99,"The Copper Colored Realist
@theccrealist
Â·
8h",2025-01-12T21:08:00.000Z,19,1,1,99
COPPER,316,"Copper _egypt| fan account
@copper_egypt
Â·
10h",2025-01-12T19:34:13.000Z,7,4,1,316
COPPER,381,"Krason22
@KeithvdKraan
Â·
23h",2025-01-12T06:28:08.000Z,6,0,0,381
COPPER,57,"The Central Poster
@TheCentPost
Â·
1h",2025-01-13T04:29:31.000Z,6,0,2,57
COPPER,238,"Copper Sulphate
@riko_tweets
Â·
12h",2025-01-12T17:41:38.000Z,8,0,1,238
COPPER,141,"Alfort | Creator
@CopperInvester
Â·
22h",2025-01-12T07:30:45.000Z,7,2,2,141
COPPER,291,"K.DANIEL.COPPER
@COLORNOME
Â·
Jan 11",2025-01-12T04:50:15.000Z,5,4,0,291
COPPER,27K,"Dog Boy in Vtuber Hell
@Pupothos
Â·
Jan 11",2025-01-12T02:34:25.000Z,2800,429,4,27000
COPPER,69,"Copper
@gm_copper
Â·
3h",2025-01-13T03:05:35.000Z,2,0,0,69
COPPER,378,"Lebo
@kayliewalker5
Â·
13h",2025-01-12T16:53:55.000Z,4,1,0,378
COPPER,183,"daychawat
@ceeudaychawat
Â·
17h",2025-01-12T12:07:58.000Z,6,9,1,183
COPPER,458,"Mike Copper
@ETNcopper
Â·
9h",2025-01-12T20:35:02.000Z,5,4,1,458
COPPER,41,"SachaGoat (@sachagoat.bsky.social)
@sachagoat
Â·
10h",2025-01-12T19:23:15.000Z,2,0,1,41
COPPER,65,"Crackner â€œDickhouseâ€ Ratthew
@crackratthew
Â·
4h",2025-01-13T01:36:06.000Z,4,0,0,65
COPPER,198,"Hena
@traderhina03
Â·
21m",2025-01-13T05:44:23.000Z,3,1,0,198
COPPER,105,"ej âœ¿
@EJayyy_
Â·
12h",2025-01-12T17:16:34.000Z,3,0,0,105
COPPER,177,"Michael Di Pippo â„¢ ï¸»â•¦â•¤â”€ - - â—‰
@LightTackle
Â·
6h",2025-01-12T23:08:52.000Z,3,0,1,177
COPPER,316,"Trinh Green
@greentrinh1
Â·
15h",2025-01-12T15:03:23.000Z,50,2,4,316
COPPER,15,"The Copper Colored Realist
@theccrealist
Â·
1h",2025-01-13T04:54:34.000Z,2,0,1,15
COPPER,292,"Baker Forge and Tool
@BakerForge
Â·
16h",2025-01-12T13:36:28.000Z,9,5,1,292
COPPER,25K,"é‘„
@CopperAndHammer
Â·
23h",2025-01-12T06:14:00.000Z,1000,115,4,25000
COPPER,3.6K,"COPPER_OFFICIAL
@copperrofficial
Â·
23h",2025-01-12T06:23:24.000Z,342,378,0,3600
COPPER,209,"sunset
@marryjellymoon
Â·
17h",2025-01-12T12:52:14.000Z,7,5,0,209
COPPER,404,"Jane Paice ARCA
@JanePaiceArt
Â·
16h",2025-01-12T13:21:50.000Z,10,6,0,404
COPPER,1K,"Peemwasu&Copper
@ThawankornP
Â·
18h",2025-01-12T11:21:16.000Z,14,1,0,1000
COPPER,64,"Brad Copper
@Copper_Shop_419
Â·
3h",2025-01-13T02:11:35.000Z,2,0,0,64
COPPER,1.5K,"Copper Platter
@Krishna22510462
Â·
17h",2025-01-12T13:04:57.000Z,13,0,1,1500
COPPER,10,"Ajannong
@ajannong
Â·
22h",2025-01-12T08:02:28.000Z,3,0,1,10
COPPER,226,"Lulu
@upuouo
Â·
1h",2025-01-13T04:37:44.000Z,10,5,0,226
COPPER,226,"â™¡â€¢á´¥â€¢â“…ğŸ…Ÿ á´®EáµË¢à¹€à¸«à¸¡à¸µà¸¢à¸§à¸à¸²à¸•à¸¸à¹ˆà¸¢ ê• à¼˜ â™¡ á´¬Ë¡Ë¡ á¶œá´¼á´¾á´¾á´±á´¿
@42Papaeng
Â·
23h",2025-01-12T06:56:52.000Z,10,7,0,226
COPPER,35,"SERI
@2Seri_CoppeR
Â·
16h",2025-01-12T13:55:38.000Z,13,0,0,35
COPPER,115,"DP
@ATL_DP
Â·
13h",2025-01-12T17:04:39.000Z,4,0,1,115
ELONCHO,714,"QUARTZ
@quartzeth
Â·
1h",2025-01-13T05:05:11.000Z,24,17,16,714
ELONCHO,15,"pump_truck68
@pump_truck68
Â·
27m",2025-01-13T05:38:58.000Z,2,0,0,15
ELONCHO,130,"lesol
@lesoljoe
Â·
2h",2025-01-13T03:39:05.000Z,3,1,0,130
ELONCHO,29,"Avax Jet Fuel
@Avax_JetFuel
Â·
46m",2025-01-13T05:19:43.000Z,1,0,0,29
ELONCHO,78,"Ole King Crypto Cole
@KingCryptoCole
Â·
2h",2025-01-13T03:27:08.000Z,2,0,0,78
ELONCHO,12,"Crypto Zaa
@CryptoZ8802
Â·
52m",2025-01-13T05:13:38.000Z,0,0,0,12
ELONCHO,24,"Wild Gem
@cryptowildgem
Â·
50m",2025-01-13T05:16:07.000Z,0,0,0,24
ELONCHO,151,"Gabriel pantaleon
@mantra1_
Â·
2h",2025-01-13T03:21:17.000Z,4,3,0,151
ELONCHO,21,"Crypto Zaa
@CryptoZ8802
Â·
52m",2025-01-13T05:13:29.000Z,0,0,1,21
ELONCHO,74,"s
@epsteinlist_sol
Â·
1h",2025-01-13T04:10:30.000Z,3,0,0,74
ELONCHO,99,"offthewakeupk
@offthewakeupk
Â·
2h",2025-01-13T03:45:09.000Z,2,0,0,99
ELONCHO,37,"Excel crypto
@Excel_crypto11
Â·
42m",2025-01-13T05:24:08.000Z,1,0,0,37
ELONCHO,17,"Avax Jet Fuel
@Avax_JetFuel
Â·
46m",2025-01-13T05:20:17.000Z,1,1,1,17
ELONCHO,121,"cryptansh
@AnshNihalani5
Â·
3h",2025-01-13T02:24:11.000Z,3,1,0,121
ELONCHO,54,"Zukateshiki
@ZukateshikiV2
Â·
1h",2025-01-13T04:50:41.000Z,0,0,0,54
ELONCHO,29,"Excel crypto
@Excel_crypto11
Â·
28m",2025-01-13T05:37:41.000Z,3,0,0,29
ELONCHO,177,"Excel crypto
@Excel_crypto11
Â·
3h",2025-01-13T02:28:21.000Z,3,0,0,177
ELONCHO,11,"Eyad Shalabi
@flacoshalabi
Â·
5h",2025-01-13T00:56:19.000Z,0,0,0,11
ELONCHO,245,"Yuti Bot
@YutiBot3
Â·
2h",2025-01-13T03:32:33.000Z,2,0,0,245
ELONCHO,340,"TkarraX
@tkarraX
Â·
3h",2025-01-13T02:52:33.000Z,2,1,0,340
ELONCHO,37,"24k.Sâ—L
@24ksolana
Â·
3h",2025-01-13T02:06:29.000Z,1,0,0,37
ELONCHO,83,"TkarraX
@tkarraX
Â·
4h",2025-01-13T01:41:12.000Z,0,0,0,83
ELONCHO,144,"24k.Sâ—L
@24ksolana
Â·
4h",2025-01-13T02:02:33.000Z,0,0,0,144
ELONCHO,10,"mr.nolacking fart/stop
@SolanaSkully
Â·
37m",2025-01-13T05:29:13.000Z,0,0,0,10
ELONCHO,35,"CaliHodlR
@Calihodlr
Â·
1h",2025-01-13T04:47:10.000Z,0,0,0,35
ELONCHO,13,"mr.nolacking fart/stop
@SolanaSkully
Â·
4h",2025-01-13T01:51:59.000Z,0,0,0,13
ELONCHO,11,"Crypto Zaa
@CryptoZ8802
Â·
53m",2025-01-13T05:13:15.000Z,1,0,0,11
ELONCHO,13,"Crypto Zaa
@CryptoZ8802
Â·
42m",2025-01-13T05:23:54.000Z,1,0,0,13
ELONCHO,13,"Crypto Zaa
@CryptoZ8802
Â·
52m",2025-01-13T05:14:00.000Z,0,0,0,13
ELONCHO,19,"Marvelheroes
@burnard401
Â·
1h",2025-01-13T04:59:41.000Z,0,0,0,19
ELONCHO,31,"CrypMcGee
@CrypMcGee1
Â·
1h",2025-01-13T04:59:27.000Z,0,0,0,31
ELONCHO,25,"CrypMcGee
@CrypMcGee1
Â·
1h",2025-01-13T04:30:41.000Z,1,0,0,25
ELONCHO,35,"lu7
@Epiclu07
Â·
1h",2025-01-13T04:36:38.000Z,1,0,0,35
ELONCHO,10,"Crypto Zaa
@CryptoZ8802
Â·
53m",2025-01-13T05:12:44.000Z,0,0,0,10
ELONCHO,15,"Crypto Zaa
@CryptoZ8802
Â·
52m",2025-01-13T05:13:46.000Z,0,0,0,15
ELONCHO,12,"Crypto Zaa
@CryptoZ8802
Â·
52m",2025-01-13T05:14:14.000Z,0,0,0,12
ELONCHO,25,"Crypto Zaa
@CryptoZ8802
Â·
53m",2025-01-13T05:13:06.000Z,0,0,0,25
ELONCHO,32,"CaliHodlR
@Calihodlr
Â·
54m",2025-01-13T05:11:46.000Z,1,0,0,32
ELONCHO,35,"CaliHodlR
@Calihodlr
Â·
1h",2025-01-13T04:47:10.000Z,0,0,0,35
ELONCHO,13,"mr.nolacking fart/stop
@SolanaSkully
Â·
4h",2025-01-13T01:51:59.000Z,0,0,0,13
ELONCHO,11,"Crypto Zaa
@CryptoZ8802
Â·
53m",2025-01-13T05:13:15.000Z,1,0,0,11
ELONCHO,13,"Crypto Zaa
@CryptoZ8802
Â·
42m",2025-01-13T05:23:54.000Z,1,0,0,13
ELONCHO,13,"Crypto Zaa
@CryptoZ8802
Â·
52m",2025-01-13T05:14:00.000Z,0,0,0,13
ELONCHO,19,"Marvelheroes
@burnard401
Â·
1h",2025-01-13T04:59:41.000Z,0,0,0,19
ELONCHO,31,"CrypMcGee
@CrypMcGee1
Â·
1h",2025-01-13T04:59:27.000Z,0,0,0,31
ELONCHO,25,"CrypMcGee
@CrypMcGee1
Â·
1h",2025-01-13T04:30:41.000Z,1,0,0,25
ELONCHO,35,"lu7
@Epiclu07
Â·
1h",2025-01-13T04:36:38.000Z,1,0,0,35
ELONCHO,10,"Crypto Zaa
@CryptoZ8802
Â·
53m",2025-01-13T05:12:44.000Z,0,0,0,10
ELONCHO,15,"Crypto Zaa
@CryptoZ8802
Â·
52m",2025-01-13T05:13:46.000Z,0,0,0,15
ELONCHO,12,"Crypto Zaa
@CryptoZ8802
Â·
52m",2025-01-13T05:14:14.000Z,0,0,0,12
Hana,6.8K,"âµ€â´°âµâ´° Hana
@HanaeEster
Â·
19h",2025-01-12T10:20:37.000Z,385,75,22,6800
Hana,4.3M,"No No Girls
@NoNoGirls_X
Â·
22h",2025-01-12T07:34:33.000Z,85000,20000,310,4300000
Hana,3.9M,"ã¡ã‚ƒã‚“ã¿ãª CHANMINA
@chanmina1014
Â·
22h",2025-01-12T07:47:38.000Z,76000,10000,432,3900000
Hana,103,"hana | currently: watching arcane
@hanakimchix
Â·
27m",2025-01-13T05:39:09.000Z,16,3,1,103
Hana,78,"ObsessedwithPaladins2
@OPaladins2
Â·
2h",2025-01-13T03:15:24.000Z,11,1,1,78
Hana,7.1K,"å±±ç¾Šä¹ƒ èŠ±è±Væº–å‚™ä¸­
@yago_hana
Â·
Jan 11",2025-01-12T05:29:15.000Z,314,55,2,7100
Hana,121,"Anand Narang
@anand_narang
Â·
3h",2025-01-13T02:09:30.000Z,9,4,0,121
Hana,295K,"ã‚‚ã¡ã‹ã‚ã¡ã‚ƒã‚“
@sakurabaharukax
Â·
22h",2025-01-12T07:24:32.000Z,5400,572,22,295000
Hana,1M,"ã†ã«
@_uni102
Â·
20h",2025-01-12T09:13:57.000Z,16000,1200,2,1000000
Hana,41,"Hana
@UtdSkinner
Â·
1h",2025-01-13T04:57:35.000Z,4,0,5,41
Hana,15K,"ãƒ ãƒ©ã‚µã‚­ãƒãƒãƒŠ
@murasaki_hana_
Â·
Jan 11",2025-01-12T00:48:07.000Z,132,20,0,15000
Hana,43K,"Hana
@hanamymood
Â·
11h",2025-01-12T18:57:13.000Z,2400,95,9,43000
Hana,477,"hana ËšË–ğ“¢Ö´à»‹âœ§Ëš.
@strifehoons
Â·
1h",2025-01-13T04:37:16.000Z,20,0,6,477
Hana,220,"Hana
@UtdSkinner
Â·
20h",2025-01-12T09:21:30.000Z,12,1,11,220
Hana,2.4K,"ã¯ãªHACHIWAREâœ¿åå¤å±‹ãƒ¡ãƒ³ã‚ºã‚¨ã‚¹ãƒ†âœ¿
@hana_hanaooo
Â·
18h",2025-01-12T11:17:07.000Z,102,10,3,2400
Hana,287,"í•˜ë‚˜
@kiof_hana
Â·
1h",2025-01-13T05:01:02.000Z,16,5,1,287
Hana,417,"âœ¿à¸º hana à¸º
@wxyzybxz
Â·
13m",2025-01-13T05:52:32.000Z,20,12,1,417
Hana,4.1K,"ãƒ ãƒ©ã‚µã‚­ãƒãƒãƒŠ
@murasaki_hana_
Â·
14h",2025-01-12T15:35:43.000Z,80,12,0,4100
Hana,311,"hana ghnem
@hana_ghnem6070
Â·
8h",2025-01-12T21:29:10.000Z,4,2,0,311
Hana,50,"UNZILA Hä¹ˆREEM
@UNZILA_HAREEM
Â·
55m",2025-01-13T05:10:23.000Z,5,0,3,50
Hana,546,"ã‚æœˆã®èŠ±
@azuki_no_hana
Â·
5h",2025-01-13T00:40:28.000Z,58,5,0,546
Hana,41K,"Balyx
@Balyx_
Â·
10h",2025-01-12T19:54:34.000Z,614,30,17,41000
Hana,2K,"ã‚Šã‚“ã·ãƒ¼
@HanaSoraKorin
Â·
19h",2025-01-12T11:01:17.000Z,462,16,1,2000
Hana,1.1K,"hana
@eieniffy
Â·
12h",2025-01-12T17:35:34.000Z,23,0,4,1100
Hana,361K,"ã†ãªã‚ˆã‚“
@mayalphazgirlz_
Â·
22h",2025-01-12T07:33:49.000Z,3000,350,2,361000
Hana,2.8K,"World's Amazing Things
@Hana_b30
Â·
13h",2025-01-12T16:09:13.000Z,25,7,0,2800
Hana,5.7K,"hana ALDEAæ‘æ°‘
@nobu97959656
Â·
20h",2025-01-12T10:03:05.000Z,184,8,1,5700
Hana,82K,"hana
@my3clov3r
Â·
Jan 11",2025-01-12T03:54:24.000Z,5300,1100,0,82000
Hana,3.2K,"hana_cam
@hana_cam
Â·
18h",2025-01-12T12:05:34.000Z,35,67,0,3200
Hana,4.8K,"Professor G-Dragon is the manual
@WhiteTamar1
Â·
22h",2025-01-12T07:47:58.000Z,146,22,0,4800
Hana,753,"å¾Œè—¤ èŠ±è¦³
@hana_hana0420
Â·
17h",2025-01-12T12:23:49.000Z,40,3,6,753
Hana,4.2K,"World's Amazing Things
@Hana_b30
Â·
14h",2025-01-12T15:50:44.000Z,12,6,0,4200
Hana,34K,"hana
@glarehana
Â·
14h",2025-01-12T15:44:52.000Z,333,11,5,34000
Hana,403,"âœ¯HANAâœ¯
@hana_hikakoi06
Â·
17h",2025-01-12T12:09:53.000Z,63,1,8,403
Hana,392K,"Ë—ËË‹ ã¿ã‚‹ã¡â”Šï¸GOKKOãƒãƒ¼ã‚±ã‚¿ãƒ¼ËËŠË—
@milu_xux
Â·
22h",2025-01-12T07:10:50.000Z,4400,497,10,392000
Hana,2.2K,"Hana Ghezzar Bouakkaz
@GhezzarHana
Â·
12h",2025-01-12T17:48:55.000Z,76,7,4,2200
Hana,44K,"hana
@eieniffy
Â·
9h",2025-01-12T20:36:02.000Z,3600,77,27,44000
Hana,4.9K,"âµ€â´°âµâ´° Hana
@HanaeEster
Â·
14h",2025-01-12T15:57:45.000Z,113,27,16,4900
Hana,19K,"hana
@hana_hanametal
Â·
Jan 11",2025-01-12T03:23:40.000Z,420,20,12,19000
Hana,10K,"hana
@glarehana
Â·
13h",2025-01-12T16:33:38.000Z,179,15,6,10000
Hana,266,"ê¹€ìœ ì´
@u___ii1
Â·
1h",2025-01-13T04:48:53.000Z,14,0,2,266
Hana,189K,"ã¾ã‚ˆ
@mnti_my
Â·
16h",2025-01-12T13:26:08.000Z,2700,107,4,189000
Hana,2.8K,"Hana (p hanapin ka)
@Hana_kitty05
Â·
Jan 11",2025-01-12T04:28:21.000Z,201,23,2,2800
Hana,28K,"FDí•˜ë‚˜
@FD_1HANA
Â·
21h",2025-01-12T08:23:41.000Z,183,1,14,28000
Hana,6.6K,"ãƒ ãƒ©ã‚µã‚­ãƒãƒãƒŠ
@murasaki_hana_
Â·
9h",2025-01-12T20:21:24.000Z,576,134,124,6600
Hana,10K,"hana
@glarehana
Â·
13h",2025-01-12T16:33:38.000Z,179,15,6,10000
Hana,266,"ê¹€ìœ ì´
@u___ii1
Â·
1h",2025-01-13T04:48:53.000Z,14,0,2,266
Hana,189K,"ã¾ã‚ˆ
@mnti_my
Â·
16h",2025-01-12T13:26:08.000Z,2700,107,4,189000
Hana,2.8K,"Hana (p hanapin ka)
@Hana_kitty05
Â·
Jan 11",2025-01-12T04:28:21.000Z,201,23,2,2800
Hana,28K,"FDí•˜ë‚˜
@FD_1HANA
Â·
21h",2025-01-12T08:23:41.000Z,183,1,14,28000
AUTOMATE,23,"Farheen Khan
@FarheenPar41
Â·
16m",2025-01-13T05:50:06.000Z,4,3,4,23
AUTOMATE,17K,"Zephyr
@Zephyr_hg
Â·
22h",2025-01-12T08:00:12.000Z,297,37,225,17000
AUTOMATE,156,"Abhishek Yadav
@abhishek__AI
Â·
18h",2025-01-12T11:19:27.000Z,4,1,2,156
AUTOMATE,183,"Syed Hasan
@appdevsyed
Â·
Jan 11",2025-01-12T05:42:43.000Z,3,1,0,183
AUTOMATE,2.7K,"AITECH
@AITECHio
Â·
6m",2025-01-13T06:00:17.000Z,124,10,0,2700
AUTOMATE,69,"Yuvrajsinh
@yuvrajv5
Â·
21h",2025-01-12T08:54:49.000Z,2,0,0,69
AUTOMATE,5.3K,"Aver AI
@aver_ai
Â·
19h",2025-01-12T10:30:49.000Z,76,18,31,5300
AUTOMATE,1K,"Atlas
@crptAtlas
Â·
6h",2025-01-12T23:55:07.000Z,6,0,1,1000
AUTOMATE,5.9K,"WarDaddyCapital
@wardaddycapital
Â·
13h",2025-01-12T16:31:40.000Z,65,8,3,5900
AUTOMATE,10,"Aditya Singh
@AdityaSingh2824
Â·
15h",2025-01-12T14:52:03.000Z,3,0,1,10
AUTOMATE,1.2K,"Zethes
@zethesx
Â·
13h",2025-01-12T17:00:16.000Z,71,6,1,1200
AUTOMATE,60,"ğŸ…µğŸ…»ğŸ…´ğŸ†‡ğŸ†‡
@FlexxRichie
Â·
1h",2025-01-13T04:43:29.000Z,2,0,1,60
AUTOMATE,14,"Yash Karakoti
@YashKarakoti8
Â·
16h",2025-01-12T13:49:17.000Z,6,0,1,14
AUTOMATE,13,"Ankit Mishra
@AnRekt_1101
Â·
18h",2025-01-12T12:01:22.000Z,4,0,1,13
AUTOMATE,29,"elizabeth campbell
@elizabethc89638
Â·
15h",2025-01-12T14:46:40.000Z,5,0,1,29
AUTOMATE,187,"Favour Abdullahi
@skyletmoringa
Â·
7h",2025-01-12T22:09:43.000Z,9,0,3,187
AUTOMATE,73,"Matt Durrant
@mgdurrant
Â·
59m",2025-01-13T05:07:14.000Z,2,0,0,73
AUTOMATE,900,"Ryder
@0xRyderr
Â·
15h",2025-01-12T14:53:13.000Z,19,6,6,900
AUTOMATE,31,"Dima Cloud
@DimaCloud_
Â·
9h",2025-01-12T20:30:00.000Z,2,0,2,31
AUTOMATE,71,"Pulse AI
@PulseAI_Auto
Â·
17h",2025-01-12T12:11:57.000Z,2,1,1,71
AUTOMATE,9,"Nawab ê§IPê§‚
@nawab99977
Â·
19h",2025-01-12T10:09:54.000Z,4,0,0,9
AUTOMATE,197,"Alif Hossain
@alifcoder
Â·
17h",2025-01-12T12:24:25.000Z,2,0,1,197
AUTOMATE,146,"dev iyer
@dev1yer
Â·
10h",2025-01-12T19:22:14.000Z,2,0,1,146
AUTOMATE,195,"Android Developer News
@AndroidDev_News
Â·
3h",2025-01-13T02:36:37.000Z,7,4,0,195
AUTOMATE,143,"Bob Widlar's Middle Finger
@CountTwoOne
Â·
20h",2025-01-12T10:02:51.000Z,2,1,1,143
AUTOMATE,6,"Senthil Kumar S
@ssk_senthil
Â·
3h",2025-01-13T02:11:17.000Z,3,0,0,6
AUTOMATE,11,"Yash Karakoti
@YashKarakoti8
Â·
16h",2025-01-12T13:49:17.000Z,7,0,1,11
AUTOMATE,59,"cali âœ§
@calor1sta
Â·
6h",2025-01-12T23:45:51.000Z,5,0,0,59
AUTOMATE,9,"Oreva Uweribeno.fuel (âœ¸,âœ¸)
@orevadee
Â·
19h",2025-01-12T10:30:03.000Z,4,0,0,9
AUTOMATE,15,"BlackDiary
@blackdiarytv
Â·
21h",2025-01-12T08:53:14.000Z,8,0,0,15
AUTOMATE,149,"KingLionCrypto
@kinglion72000
Â·
22h",2025-01-12T08:04:29.000Z,14,11,8,149
AUTOMATE,18,"SkS
@sriksuren
Â·
11h",2025-01-12T18:59:06.000Z,4,0,0,18
AUTOMATE,15,"Yash Karakoti
@YashKarakoti8
Â·
16h",2025-01-12T13:49:20.000Z,6,0,1,15
AUTOMATE,33,"David Puplava
@davidpuplava
Â·
Jan 11",2025-01-12T04:26:16.000Z,2,0,0,33
AUTOMATE,1.4K,"Cryp__toad
@Cryp__toad
Â·
9h",2025-01-12T20:27:00.000Z,7,1,1,1400
AUTOMATE,1.5K,"Profit hunter
@Profithunter112
Â·
13h",2025-01-12T16:22:18.000Z,6,2,0,1500
AUTOMATE,201,"The Angular Dev
@TheAngularDev
Â·
11h",2025-01-12T18:18:01.000Z,13,3,0,201
AUTOMATE,691,"NN
@nn_blossoms
Â·
13h",2025-01-12T16:39:57.000Z,14,4,0,691
AUTOMATE,28,"(,) OVERWORLD $MON $AVRK ""| StratoVM""
@raja884847
Â·
18h",2025-01-12T11:09:57.000Z,8,0,1,28
AUTOMATE,193,"Ark
@ark__
Â·
14h",2025-01-12T15:39:12.000Z,2,0,2,193
AUTOMATE,1.5K,"MIT Sloan Management Review
@mitsmr
Â·
23h",2025-01-12T07:02:05.000Z,3,1,1,1500
AUTOMATE,23,"MrHype
@MrHypeOfficial
Â·
12h",2025-01-12T17:30:17.000Z,5,0,1,23
AUTOMATE,8,"DLNZH
@DLNZH4096
Â·
18h",2025-01-12T11:50:30.000Z,6,0,0,8
AUTOMATE,18,"Meraj
@Humayan9
Â·
14h",2025-01-12T15:56:35.000Z,8,0,0,18
AUTOMATE,4.3K,"Linda
@Cryptofly777
Â·
13h",2025-01-12T17:00:59.000Z,187,27,15,4300
AUTOMATE,39,"Damian Ray
@MrDamianRay
Â·
19h",2025-01-12T11:02:53.000Z,2,0,0,39
AUTOMATE,207,"Abhishek Rajput
@BroCode1508
Â·
14h",2025-01-12T15:11:24.000Z,15,4,2,207
AUTOMATE,170,"Daichi å¤§åœ°
@CryptoDaichi
Â·
10h",2025-01-12T19:43:07.000Z,2,0,0,170
AUTOMATE,94,"Lynn
@firststarhana
Â·
16h",2025-01-12T13:48:51.000Z,2,0,2,94
AUTOMATE,180,"MaxPln
@maxplnzz
Â·
23h",2025-01-12T06:10:51.000Z,5,0,0,180
Moondong,4,"Ultimate Community Project
@UCPG_
Â·
3m",2025-01-13T06:03:13.000Z,1,0,0,4
Moondong,93,"HopiumGainz
@DigitalCashhx
Â·
35m",2025-01-13T05:30:48.000Z,3,0,0,93
Moondong,71,"Solanian
@Solanian69
Â·
41m",2025-01-13T05:25:12.000Z,3,0,0,71
Moondong,30,"Brentmaster
@v8nomore
Â·
21m",2025-01-13T05:44:44.000Z,2,0,0,30
Moondong,6,"Ultimate Community Project
@UCPG_
Â·
4m",2025-01-13T06:02:03.000Z,1,0,0,6
Moondong,1.3K,"Moon Dong
@Mo0nDong
Â·
7h",2025-01-12T22:20:12.000Z,22,11,12,1300
Moondong,57,"Bongdad
@bongdadovich
Â·
2h",2025-01-13T03:45:55.000Z,1,0,0,57
Moondong,15,"Ultimate Community Project
@UCPG_
Â·
5m",2025-01-13T06:00:40.000Z,1,0,0,15
Moondong,256,"Smart
@cryt_smart
Â·
2h",2025-01-13T03:24:11.000Z,2,0,0,256
Moondong,123,"Coin Ninjas
@coinninjasx
Â·
1h",2025-01-13T04:40:21.000Z,3,0,0,123
Moondong,221,"Godx
@pumpgodx
Â·
56m",2025-01-13T05:09:39.000Z,2,1,0,221
Moondong,10,"Ultimate Community Project
@UCPG_
Â·
6m",2025-01-13T06:00:03.000Z,1,0,0,10
Moondong,33,"ryan
@ryan95591
Â·
12m",2025-01-13T05:54:30.000Z,5,0,0,33
Moondong,6,"Ultimate Community Project
@UCPG_
Â·
3m",2025-01-13T06:02:37.000Z,1,0,0,6
Moondong,80,"@somelegos
Â·
46m",2025-01-13T05:20:23.000Z,3,0,1,80
Moondong,4,"FORCii
@ForciiJustin
Â·
1m",2025-01-13T06:05:23.000Z,0,0,0,4
Moondong,102,"scoops.sol
@scryptoscoops
Â·
2h",2025-01-13T03:11:01.000Z,2,0,0,102
Moondong,23,"Milo
@TheMiloInu
Â·
14m",2025-01-13T05:51:47.000Z,2,0,0,23
Moondong,29,"Aminali05
@Aminali05195030
Â·
2h",2025-01-13T03:50:25.000Z,0,0,0,29
Moondong,43,"ryan
@ryan95591
Â·
1h",2025-01-13T04:59:49.000Z,1,0,0,43
Moondong,80,"Ó¨Ñ•Â¢Î±Ñ
@Mr_OscarGrouch
Â·
51m",2025-01-13T05:15:33.000Z,1,1,0,80
Moondong,230,"Tokyo
@khaaaaail
Â·
54m",2025-01-13T05:11:58.000Z,8,4,2,230
Moondong,182,"MoonKing.Gainz
@KingMoon10X
Â·
2h",2025-01-13T03:37:04.000Z,3,0,0,182
Moondong,45,"Dani Anugrah
@dani_anugrahh
Â·
32m",2025-01-13T05:33:56.000Z,1,0,1,45
Moondong,34,"Aminali05
@Aminali05195030
Â·
2h",2025-01-13T03:51:38.000Z,0,0,0,34
Moondong,89,"Crypto889 Super
@Crypto889S
Â·
37m",2025-01-13T05:29:30.000Z,3,0,2,89
Moondong,72,"FORCii
@ForciiJustin
Â·
46m",2025-01-13T05:20:26.000Z,0,0,0,72
Moondong,136,"LiLTrench
@Nikolay69627349
Â·
1h",2025-01-13T04:27:19.000Z,4,0,0,136
Moondong,72,"Send
@Send_it_LP
Â·
36m",2025-01-13T05:30:22.000Z,2,0,0,72
Moondong,13,"Brentmaster
@v8nomore
Â·
20m",2025-01-13T05:46:17.000Z,1,0,0,13
Moondong,66,"Alex
@Alexcryptology
Â·
31m",2025-01-13T05:35:26.000Z,1,0,0,66
Moondong,36,"christian escobar
@escotrade29
Â·
35m",2025-01-13T05:30:44.000Z,1,0,0,36
Moondong,68,"1000XP
@MrRoyse1
Â·
2h",2025-01-13T03:33:29.000Z,0,0,0,68
Moondong,79,"@somelegos
Â·
42m",2025-01-13T05:23:50.000Z,0,0,0,79
Moondong,153,"Spidey Dicaprio
@danny_dicaprio
Â·
3h",2025-01-13T02:51:59.000Z,1,1,1,153
Moondong,89,"Send
@Send_it_LP
Â·
57m",2025-01-13T05:09:06.000Z,2,0,0,89
Moondong,68,"Pepe is President
@jareddkotara
Â·
13m",2025-01-13T05:53:10.000Z,1,0,0,68
Moondong,62,"izzay
@izzaycok
Â·
46m",2025-01-13T05:19:47.000Z,2,0,0,62
Moondong,150,"FORCii
@ForciiJustin
Â·
2h",2025-01-13T03:55:08.000Z,3,0,0,150
Moondong,148,"Crypto889 Super
@Crypto889S
Â·
41m",2025-01-13T05:25:37.000Z,2,0,0,148
Moondong,168,"Tokyo
@khaaaaail
Â·
49m",2025-01-13T05:17:00.000Z,8,2,2,168
Moondong,57,"FORCii
@ForciiJustin
Â·
28m",2025-01-13T05:38:00.000Z,1,0,0,57
Moondong,73,"FORCii
@ForciiJustin
Â·
17m",2025-01-13T05:49:03.000Z,1,0,0,73
Moondong,1,"@somelegos
Â·
25s",2025-01-13T06:06:18.000Z,0,0,0,1
Moondong,29,"James Endl
@Moparnut06
Â·
1h",2025-01-13T04:51:04.000Z,0,0,0,29
Moondong,95,"ryan
@ryan95591
Â·
1h",2025-01-13T04:39:49.000Z,3,1,0,95
Moondong,609,"Tokyo
@khaaaaail
Â·
3h",2025-01-13T02:19:20.000Z,15,8,7,609
Moondong,64,"christian escobar
@escotrade29
Â·
43m",2025-01-13T05:22:48.000Z,3,0,0,64
Moondong,65,"èœé¸¡3å·ï¼ˆåŸSolSeekerï¼‰
@Solseeker_bot
Â·
42m",2025-01-13T05:24:35.000Z,1,0,0,65
Moondong,329,"Pump Fun Scanner
@PumpFunScanner
Â·
2h",2025-01-13T03:16:57.000Z,4,0,0,329
CALEB,175K,"ERI â€§â‚ŠËš
@qierinzel
Â·
16h",2025-01-12T13:15:36.000Z,20000,3400,31,175000
CALEB,17K,"Hira à·†
@hirxav
Â·
19h",2025-01-12T10:27:23.000Z,1400,247,8,17000
CALEB,110K,"ä¸ƒé…¥Sussii
@sussii4570
Â·
19h",2025-01-12T10:56:56.000Z,9300,1400,9,110000
CALEB,41K,"AIZU
@ssxsnk
Â·
16h",2025-01-12T13:51:32.000Z,3700,774,11,41000
CALEB,144K,"Baby
@Babygirlvnl
Â·
22h",2025-01-12T07:54:40.000Z,4200,898,186,144000
CALEB,44K,"rae
@r4fayelz
Â·
Jan 11",2025-01-12T00:15:13.000Z,5000,732,12,44000
CALEB,892,"Chesa
@Niachesa
Â·
2h",2025-01-13T03:10:56.000Z,130,24,2,892
CALEB,31K,"Esher001
@esher00001
Â·
18h",2025-01-12T12:03:07.000Z,2800,479,5,31000
CALEB,50K,"_æ£‰å­
@Petrichor_mian
Â·
18h",2025-01-12T11:16:09.000Z,5200,1000,1,50000
CALEB,133,"â€¢gnarfather.eth | Caleb Tice | Gnar AF
@caleb_tice
Â·
14h",2025-01-12T15:31:21.000Z,9,0,8,133
CALEB,45K,"lilia sylus enjoyer caleb wanter
@lilia_uwu
Â·
13h",2025-01-12T16:43:00.000Z,5800,900,35,45000
CALEB,32K,"L
@chilerrato
Â·
3h",2025-01-13T02:35:50.000Z,1100,100,19,32000
CALEB,1.5K,"Caleb Locks
@CalebSportsLcks
Â·
11h",2025-01-12T19:01:47.000Z,36,23,10,1500
CALEB,7.1K,"MÎ¹È¥Ï… â€¢ Caleb is coming home!
@tira_mizuu
Â·
19h",2025-01-12T10:56:53.000Z,574,152,12,7100
CALEB,1.6K,"Caleb
@depressedcaleb
Â·
Jan 11",2025-01-12T02:27:56.000Z,18,7,9,1600
CALEB,1.2K,"pauiğ“…©
@sylusful
Â·
7h",2025-01-12T22:56:55.000Z,72,11,3,1200
CALEB,3.2K,"CALEB THREAD bell is married to sylus
@misstraffy
Â·
6h",2025-01-12T23:08:02.000Z,320,77,1,3200
CALEB,3.2K,"(ï½¡- .â€¢)~â™¡
@xyzfuls
Â·
Jan 11",2025-01-12T04:10:43.000Z,325,69,4,3200
CALEB,76K,"rhea
@ninrhea
Â·
17h",2025-01-12T12:10:26.000Z,2100,753,158,76000
CALEB,59K,"Bu Geto.
@sguwruu
Â·
18h",2025-01-12T12:04:49.000Z,3100,503,3,59000
CALEB,188K,"dawn WELCOME HOME CALEB XYZ
@lalunanymph
Â·
Jan 11",2025-01-12T03:12:20.000Z,17000,1900,35,188000
CALEB,2.1K,"#justice4CalebSylusRaf
@rafayelseamoans
Â·
19h",2025-01-12T10:30:53.000Z,142,26,4,2100
CALEB,9.2K,"ğ™Šğ™ğ™Šğ™ˆğ™€ Ray â™¡ Â«ğ“¦ğ“±ğ“®ğ“· ğ“—ğ“¸ğ“¶ğ“® ğ“’ğ“ªğ“µğ“µğ“¼ Â»
@OtomeRay
Â·
Jan 11",2025-01-12T02:03:11.000Z,930,96,10,9200
CALEB,1.7K,"caleb_njabulo
@caleb_njabulo
Â·
12h",2025-01-12T17:19:10.000Z,8,4,2,1700
CALEB,7.8K,"(ï½¡- .â€¢)~â™¡
@xyzfuls
Â·
Jan 11",2025-01-12T04:07:31.000Z,739,155,6,7800
CALEB,11K,"Sylus's â˜¾ Luna
@TheLunaRiegrow
Â·
16h",2025-01-12T13:49:37.000Z,765,188,4,11000
CALEB,49K,"kirin (not bread)
@kserekino
Â·
13h",2025-01-12T16:34:33.000Z,339,103,9,49000
CALEB,448,"Caleb Mastro
@Caleb_Swings
Â·
8h",2025-01-12T21:50:20.000Z,15,5,3,448
CALEB,557,"ç”œä¸ç”œ
@tianbutian808
Â·
16h",2025-01-12T13:53:17.000Z,34,10,1,557
CALEB,311,"David Ruiz
@DRULZ29
Â·
5h",2025-01-13T00:32:05.000Z,4,0,1,311
CALEB,32K,"STAR commission open
@1eternalstar
Â·
16h",2025-01-12T13:15:57.000Z,3300,480,9,32000
CALEB,335,"zayneslovergirl
@zayneslovergirl
Â·
5h",2025-01-13T00:47:07.000Z,27,5,1,335
CALEB,2.9K,"Super Rugby Pacific
@SuperRugby
Â·
5h",2025-01-13T01:01:00.000Z,19,1,0,2900
CALEB,41K,"Nilemoss
@greenxxxx
Â·
Jan 11",2025-01-12T03:45:37.000Z,3400,594,0,41000
CALEB,1K,"Caleb
@Codex_FPS
Â·
Jan 11",2025-01-12T02:01:41.000Z,15,1,3,1000
CALEB,322,"Caleb T. Maupin
@RealCalebMaupin
Â·
8h",2025-01-12T21:24:36.000Z,15,4,0,322
CALEB,283,"Caleb
@Cfc_caleeb
Â·
17h",2025-01-12T12:45:35.000Z,6,6,1,283
CALEB,48,"Yoon || COLONEL CALEB
@yoonnyzz
Â·
1h",2025-01-13T05:00:55.000Z,5,0,1,48
CALEB,2.3K,"Bright
@Starbright_s
Â·
2h",2025-01-13T03:56:07.000Z,291,40,12,2300
CALEB,16K,"ğ™Šğ™ğ™Šğ™ˆğ™€ Ray â™¡ Â«ğ“¦ğ“±ğ“®ğ“· ğ“—ğ“¸ğ“¶ğ“® ğ“’ğ“ªğ“µğ“µğ“¼ Â»
@OtomeRay
Â·
15h",2025-01-12T14:16:50.000Z,1000,139,22,16000
CALEB,169,"caleb
@itsctimesII
Â·
4h",2025-01-13T02:06:29.000Z,10,3,0,169
CALEB,2.8K,"ğ“.
@moratobeli
Â·
Jan 11",2025-01-12T02:40:11.000Z,323,66,1,2800
CALEB,575,"Caleb ICT
@CalebICT
Â·
2h",2025-01-13T03:33:32.000Z,11,0,2,575
CALEB,6.4K,"nayuchi à­¨à­§ Just the two of us in 9 Days
@kentonyanamin
Â·
21h",2025-01-12T08:57:26.000Z,505,96,12,6400
CALEB,583,"VERITYâ€™s CALEB IS HOME
@CalebsApple
Â·
14h",2025-01-12T16:03:43.000Z,55,10,2,583
CALEB,25K,"Jordan Stocks
@StockTalks21
Â·
12h",2025-01-12T17:17:40.000Z,835,25,5,25000
CALEB,227,"Caleb
@Cfc_caleeb
Â·
18h",2025-01-12T11:35:23.000Z,4,10,1,227
CALEB,2.5K,"Captain Caleb
@captaincaleb18
Â·
5h",2025-01-13T00:38:43.000Z,76,1,7,2500
CALEB,722,"Caleb Figgures
@CalebFiggures
Â·
4h",2025-01-13T01:35:23.000Z,48,6,0,722
CALEB,397,"JD| Bear Force One
@JD_BF1
Â·
1h",2025-01-13T04:07:53.000Z,10,1,2,397
CREATEAI,4,"Joss Ort
@joss_ort20443
Â·
15h",2025-01-12T14:25:53.000Z,1,0,0,4
CREATEAI,6,"Joss Ort
@joss_ort20443
Â·
Jan 11",2025-01-12T01:11:35.000Z,1,0,0,6
CREATEAI,4,"Joss Ort
@joss_ort20443
Â·
15h",2025-01-12T14:25:53.000Z,1,0,0,4
CREATEAI,6,"Joss Ort
@joss_ort20443
Â·
Jan 11",2025-01-12T01:11:35.000Z,1,0,0,6
CREATEAI,4,"Joss Ort
@joss_ort20443
Â·
15h",2025-01-12T14:25:53.000Z,1,0,0,4
CREATEAI,6,"Joss Ort
@joss_ort20443
Â·
Jan 11",2025-01-12T01:11:35.000Z,1,0,0,6
CREATEAI,4,"Joss Ort
@joss_ort20443
Â·
15h",2025-01-12T14:25:53.000Z,1,0,0,4
CREATEAI,6,"Joss Ort
@joss_ort20443
Â·
Jan 11",2025-01-12T01:11:35.000Z,1,0,0,6
CREATEAI,4,"Joss Ort
@joss_ort20443
Â·
15h",2025-01-12T14:25:53.000Z,1,0,0,4
CREATEAI,6,"Joss Ort
@joss_ort20443
Â·
Jan 11",2025-01-12T01:11:35.000Z,1,0,0,6
AI,3.1K,"TokenHunter
@_TokenHunter
Â·
6m",2025-01-13T06:00:02.000Z,15,6,4,3100
AI,2.7K,"Rajesh Kumar
@therjrajesh
Â·
1h",2025-01-13T05:05:11.000Z,37,24,33,2700
AI,25K,"el.cine
@EHuanglu
Â·
7h",2025-01-12T22:55:41.000Z,485,59,33,25000
AI,6.5K,"Md Riyazuddin
@riyazmd774
Â·
1h",2025-01-13T04:46:06.000Z,43,16,33,6500
AI,466,"æœ¨å†…ç¿”å¤§ï¼ SHIFT AIä»£è¡¨ã€Œæ—¥æœ¬ã‚’AIå…ˆé€²å›½ã«ã€ğ•
@shota7180
Â·
6m",2025-01-13T06:00:29.000Z,11,1,1,466
AI,4K,"Jannine.. #MagaMemeQueen
@janninereid1
Â·
2h",2025-01-13T03:55:27.000Z,54,43,27,4000
AI,45K,"Pasta
@pastagotsauce
Â·
5h",2025-01-13T00:46:37.000Z,363,33,40,45000
AI,1.9K,"âœ§.* AI | Nanami VTuber âœ§.*
@AiNanamiVT
Â·
7h",2025-01-12T22:39:00.000Z,231,18,10,1900
AI,3.2K,"NOBU å‹•ç”»ç”ŸæˆAIã®äºº
@nbykos
Â·
3h",2025-01-13T02:33:27.000Z,97,20,2,3200
AI,29K,"Dhaval Makwana
@heyDhavall
Â·
1h",2025-01-13T04:27:25.000Z,71,25,29,29000
AI,1.1K,"The Nextool AI
@nextool_ai
Â·
17m",2025-01-13T05:49:30.000Z,10,2,2,1100
AI,2K,"Miu / Japanese Bikini Model
@AI8263353539674
Â·
6h",2025-01-12T23:23:11.000Z,164,34,45,2000
AI,4K,"Champagne Joshi
@JoshWalkos
Â·
4h",2025-01-13T01:20:42.000Z,54,10,7,4000
AI,764,"The AI Guru
@AI_GuruX
Â·
24m",2025-01-13T05:42:49.000Z,17,9,14,764
AI,11K,"The Hive
@askthehive_ai
Â·
2h",2025-01-13T03:36:17.000Z,172,22,35,11000
AI,6.8K,"Ai Trump News
@Ai_TrumpNews
Â·
3h",2025-01-13T02:59:21.000Z,247,33,125,6800
AI,11K,"FELIX
@FellMentKE
Â·
1h",2025-01-13T05:06:02.000Z,79,11,8,11000
AI,2.5K,"tetsuo.ai
@7etsuo
Â·
20m",2025-01-13T05:46:41.000Z,58,11,7,2500
AI,2.1K,"Ai å§¨
@ai_9684xtpa
Â·
6m",2025-01-13T06:00:00.000Z,9,3,2,2100
AI,774,"Claude
@0xClaude_Love
Â·
1h",2025-01-13T04:28:14.000Z,48,24,11,774
AI,12K,"DAOBase
@daobase_ai
Â·
4h",2025-01-13T01:30:00.000Z,275,281,216,12000
AI,3.2K,"Johnny Midnight
@its_The_Dr
Â·
8h",2025-01-12T21:27:01.000Z,93,30,5,3200
AI,770,"Optimus (parody)
@TeslaAIBot
Â·
33m",2025-01-13T05:33:15.000Z,44,2,8,770
AI,7.6K,"ShitStock(AI ã‚¢ãƒŠãƒªã‚¹ãƒˆ/æ ªå¼è©•è«–å®¶/Deep Mining)
@ShitStockQ
Â·
1h",2025-01-13T04:59:34.000Z,69,3,19,7600
AI,9.4K,"Chill AI
@chillai_solana
Â·
7h",2025-01-12T22:47:10.000Z,362,291,330,9400
AI,9K,"PancakeSwap
@PancakeSwap
Â·
2h",2025-01-13T03:11:42.000Z,122,10,39,9000
AI,8.6K,"Treasure
@Treasure_DAO
Â·
8h",2025-01-12T21:50:37.000Z,195,45,11,8600
AI,24K,"AIã‚¦ãƒã‚¹ã‚® from ä»¤å’Œç«¶é¦¬ç ”ç©¶ä¼š
@UMASUGIkeiba
Â·
1h",2025-01-13T04:24:31.000Z,453,209,1,24000
AI,19K,"ãã‚‰  Dify è‡ªå‹•åŒ–ã‚ªã‚¿ã‚¯
@sora19ai
Â·
8h",2025-01-12T21:52:00.000Z,291,10,154,19000
AI,15K,"Alex Finn
@AlexFinnX
Â·
4h",2025-01-13T01:28:12.000Z,308,21,135,15000
AI,8.2K,"Sports and Nonsense
@Samantha_SN1
Â·
3h",2025-01-13T02:17:19.000Z,218,22,32,8200
AI,1.4K,"Optimus (parody)
@TeslaAIBot
Â·
2h",2025-01-13T03:45:59.000Z,31,1,12,1400
AI,5.1K,"Trust Wallet
@TrustWallet
Â·
18m",2025-01-13T05:48:19.000Z,92,7,48,5100
AI,1.6K,"Crypto Linn
@crypto_linn
Â·
1h",2025-01-13T05:01:05.000Z,13,4,2,1600
AI,1.9K,"CJ
@CjRandhawaX
Â·
37m",2025-01-13T05:29:35.000Z,13,6,6,1900
AI,637,"AIã—ã„ã­
@ai_shiine
Â·
1h",2025-01-13T05:00:01.000Z,89,9,14,637
AI,28K,"Ed Krassenstein
@EdKrassen
Â·
8h",2025-01-12T21:34:35.000Z,183,3,84,28000
AI,444,"Farah.AI
@Farah_ai_
Â·
7h",2025-01-12T22:41:58.000Z,39,3,11,444
AI,2.6K,"3amClub
@My3amclub
Â·
1h",2025-01-13T04:51:57.000Z,28,3,9,2600
AI,4.7K,"Ai å§¨
@ai_9684xtpa
Â·
2h",2025-01-13T03:30:24.000Z,10,2,7,4700
AI,4.9K,"Zealous Seraphim
@ZealousSeraphim
Â·
6h",2025-01-12T23:20:53.000Z,133,12,21,4900
AI,8.4K,"ZEShan
@zeshmohmand
Â·
8h",2025-01-12T21:41:18.000Z,1500,1000,5,8400
AI,668,"AI Dominateeveryoneism Memes
@AIHegemonyMemes
Â·
27m",2025-01-13T05:40:00.000Z,14,3,10,668
AI,12K,"tetsuo.ai
@7etsuo
Â·
5h",2025-01-13T00:26:11.000Z,259,52,18,12000
AI,12K,"Captain Capital
@CapCapital68
Â·
1h",2025-01-13T04:55:20.000Z,388,82,101,12000
AI,14K,"tetsuo.ai
@7etsuo
Â·
4h",2025-01-13T01:43:34.000Z,130,14,20,14000
AI,13K,"JAKE
@JakeGagain
Â·
2h",2025-01-13T04:04:00.000Z,255,34,208,13000
AI,3K,"RET
@PoesiasFR
Â·
7h",2025-01-12T22:29:35.000Z,168,24,3,3000
AI,6.2K,"Optimus (parody)
@TeslaAIBot
Â·
8h",2025-01-12T21:58:57.000Z,148,4,48,6200
AI,9.8K,"Nansen
@nansen_ai
Â·
3h",2025-01-13T02:29:01.000Z,71,3,10,9800
Hana,6.8K,"âµ€â´°âµâ´° Hana
@HanaeEster
Â·
19h",2025-01-12T10:20:37.000Z,385,75,22,6800
Hana,4.3M,"No No Girls
@NoNoGirls_X
Â·
22h",2025-01-12T07:34:33.000Z,85000,20000,310,4300000
Hana,4.6K,"hana
@chenfordtruther
Â·
16h",2025-01-12T13:41:48.000Z,289,26,3,4600
Hana,295K,"ã‚‚ã¡ã‹ã‚ã¡ã‚ƒã‚“
@sakurabaharukax
Â·
22h",2025-01-12T07:24:32.000Z,5400,572,22,295000
Hana,78,"ObsessedwithPaladins2
@OPaladins2
Â·
2h",2025-01-13T03:15:24.000Z,11,1,1,78
Hana,105,"hana | currently: watching arcane
@hanakimchix
Â·
27m",2025-01-13T05:39:09.000Z,16,3,1,105
Hana,7.1K,"å±±ç¾Šä¹ƒ èŠ±è±Væº–å‚™ä¸­
@yago_hana
Â·
Jan 11",2025-01-12T05:29:15.000Z,315,55,2,7100
Hana,41,"Hana
@UtdSkinner
Â·
1h",2025-01-13T04:57:35.000Z,4,0,5,41
Hana,1M,"ã†ã«
@_uni102
Â·
20h",2025-01-12T09:13:57.000Z,16000,1200,2,1000000
Hana,15K,"ãƒ ãƒ©ã‚µã‚­ãƒãƒãƒŠ
@murasaki_hana_
Â·
Jan 11",2025-01-12T00:48:07.000Z,132,20,0,15000
Hana,122,"Anand Narang
@anand_narang
Â·
3h",2025-01-13T02:09:30.000Z,9,4,0,122
Hana,43K,"Hana
@hanamymood
Â·
11h",2025-01-12T18:57:13.000Z,2400,95,9,43000
Hana,477,"hana ËšË–ğ“¢Ö´à»‹âœ§Ëš.
@strifehoons
Â·
1h",2025-01-13T04:37:16.000Z,20,0,6,477
Hana,8K,"yasu
@yasuyasu358
Â·
22h",2025-01-12T07:20:18.000Z,14,2,2,8000
Hana,220,"Hana
@UtdSkinner
Â·
20h",2025-01-12T09:21:30.000Z,12,1,11,220
Hana,2.4K,"ã¯ãªHACHIWAREâœ¿åå¤å±‹ãƒ¡ãƒ³ã‚ºã‚¨ã‚¹ãƒ†âœ¿
@hana_hanaooo
Â·
18h",2025-01-12T11:17:07.000Z,102,10,3,2400
Hana,288,"í•˜ë‚˜
@kiof_hana
Â·
1h",2025-01-13T05:01:02.000Z,17,5,1,288
Hana,4.1K,"ãƒ ãƒ©ã‚µã‚­ãƒãƒãƒŠ
@murasaki_hana_
Â·
14h",2025-01-12T15:35:43.000Z,80,12,0,4100
Hana,311,"hana ghnem
@hana_ghnem6070
Â·
8h",2025-01-12T21:29:10.000Z,4,2,0,311
Hana,50,"UNZILA Hä¹ˆREEM
@UNZILA_HAREEM
Â·
56m",2025-01-13T05:10:23.000Z,5,0,3,50
Hana,546,"ã‚æœˆã®èŠ±
@azuki_no_hana
Â·
5h",2025-01-13T00:40:28.000Z,58,5,0,546
Hana,41K,"Balyx
@Balyx_
Â·
10h",2025-01-12T19:54:34.000Z,614,30,17,41000
Hana,1.1K,"hana
@eieniffy
Â·
12h",2025-01-12T17:35:34.000Z,23,0,4,1100
Hana,2K,"ã‚Šã‚“ã·ãƒ¼
@HanaSoraKorin
Â·
19h",2025-01-12T11:01:17.000Z,462,16,1,2000
Hana,361K,"ã†ãªã‚ˆã‚“
@mayalphazgirlz_
Â·
22h",2025-01-12T07:33:49.000Z,3000,350,2,361000
Hana,5.7K,"hana ALDEAæ‘æ°‘
@nobu97959656
Â·
20h",2025-01-12T10:03:05.000Z,184,8,1,5700
Hana,382,"èŠ±é‡ã•ãã‚Šé…ä¿¡ä¸­ã€ã‚†ã‚ã‚†ã‚ã€æ‹ã™ã‚‹ã“ã¨ãªã‹ã‚Œã€
@hana_sasori
Â·
24m",2025-01-13T05:42:25.000Z,5,3,0,382
Hana,3.2K,"hana_cam
@hana_cam
Â·
18h",2025-01-12T12:05:34.000Z,35,67,0,3200
Hana,4.8K,"Professor G-Dragon is the manual
@WhiteTamar1
Â·
22h",2025-01-12T07:47:58.000Z,146,22,0,4800
Hana,2.8K,"World's Amazing Things
@Hana_b30
Â·
13h",2025-01-12T16:09:13.000Z,25,7,0,2800
Hana,753,"å¾Œè—¤ èŠ±è¦³
@hana_hana0420
Â·
17h",2025-01-12T12:23:49.000Z,40,3,6,753
Hana,34K,"hana
@glarehana
Â·
14h",2025-01-12T15:44:52.000Z,333,11,5,34000
Hana,1K,"HANA@1/11ã‚³ã‚¹ãƒ€ãƒ³
@hana_sun1go
Â·
14h",2025-01-12T15:17:27.000Z,24,9,1,1000
Hana,2.9K,"hana110ç•ª
@hana11020
Â·
Jan 11",2025-01-12T04:04:01.000Z,242,10,12,2900
Hana,404,"âœ¯HANAâœ¯
@hana_hikakoi06
Â·
17h",2025-01-12T12:09:53.000Z,63,1,8,404
Hana,4.2K,"World's Amazing Things
@Hana_b30
Â·
14h",2025-01-12T15:50:44.000Z,12,6,0,4200
Hana,392K,"Ë—ËË‹ ã¿ã‚‹ã¡â”Šï¸GOKKOãƒãƒ¼ã‚±ã‚¿ãƒ¼ËËŠË—
@milu_xux
Â·
22h",2025-01-12T07:10:50.000Z,4400,497,10,392000
Hana,2.2K,"Hana Ghezzar Bouakkaz
@GhezzarHana
Â·
12h",2025-01-12T17:48:55.000Z,76,7,4,2200
Hana,44K,"hana
@eieniffy
Â·
9h",2025-01-12T20:36:02.000Z,3600,77,27,44000
Hana,5.3K,"Hana
@HerrinHana
Â·
16h",2025-01-12T13:53:01.000Z,107,8,3,5300
Hana,4.9K,"âµ€â´°âµâ´° Hana
@HanaeEster
Â·
14h",2025-01-12T15:57:45.000Z,113,27,16,4900
Hana,28K,"FDí•˜ë‚˜
@FD_1HANA
Â·
21h",2025-01-12T08:23:41.000Z,183,1,14,28000
Hana,2.5K,"ã„ã¨ã…
@ForzaHana
Â·
21h",2025-01-12T08:10:11.000Z,129,13,0,2500
Hana,2.5K,"ã„ã¨ã…
@ForzaHana
Â·
21h",2025-01-12T08:10:11.000Z,129,13,0,2500
Hana,116,"Hana
@LSW8059
Â·
1h",2025-01-13T04:56:41.000Z,12,4,1,116
Hana,19K,"hana
@hana_hanametal
Â·
Jan 11",2025-01-12T03:23:40.000Z,420,20,12,19000
Hana,268,"ê¹€ìœ ì´
@u___ii1
Â·
1h",2025-01-13T04:48:53.000Z,14,0,2,268
Hana,189K,"ã¾ã‚ˆ
@mnti_my
Â·
16h",2025-01-12T13:26:08.000Z,2700,107,4,189000
Hana,901,"hana ALDEAæ‘æ°‘
@nobu97959656
Â·
7h",2025-01-12T23:06:32.000Z,84,5,1,901
Hana,10K,"hana
@glarehana
Â·
13h",2025-01-12T16:33:38.000Z,179,15,6,10000
AIMS,169,"World Bank Africa
@WorldBankAfrica
Â·
6m",2025-01-13T06:00:33.000Z,2,1,0,169
AIMS,57,"@firefurycorps_IA
@firefurycorps
Â·
9m",2025-01-13T05:57:33.000Z,3,1,0,57
AIMS,220,"Hopper_Luff
@0xDevil8
Â·
1h",2025-01-13T04:51:59.000Z,3,1,1,220
AIMS,207,"Pepey
@pepeycoin
Â·
12h",2025-01-12T17:12:08.000Z,16,4,3,207
AIMS,30,"Just be happy with it
@justbehappyWT
Â·
16h",2025-01-12T13:54:06.000Z,3,0,1,30
AIMS,195,"Aims Hadejia
@Aims_Hadejia
Â·
45m",2025-01-13T05:22:03.000Z,4,5,0,195
AIMS,340K,"Nicholas J. Fuentes
@NickJFuentes
Â·
16h",2025-01-12T13:14:19.000Z,13000,1700,650,340000
AIMS,313,"Kaduna Financial Inclusion Summit
@KDFinanceSummit
Â·
18h",2025-01-12T11:57:33.000Z,10,8,1,313
AIMS,21,"Mystic Joe
@Chain_Mystic
Â·
3h",2025-01-13T02:42:13.000Z,3,3,0,21
AIMS,63,"BROCKLEE
@SmilesAndCries
Â·
15h",2025-01-12T14:24:22.000Z,8,5,4,63
AIMS,353,"thepinkyvodka
@thepinkyvodka
Â·
9h",2025-01-12T20:24:28.000Z,20,7,1,353
AIMS,349,"Atulkrishan
@iAtulKrishan1
Â·
Jan 11",2025-01-12T04:12:07.000Z,6,2,0,349
AIMS,29,"China Takeaway
@China24Official
Â·
2h",2025-01-13T03:22:38.000Z,2,0,0,29
AIMS,115,"Eric in NM
@hideto19641998
Â·
Jan 11",2025-01-12T04:31:34.000Z,3,1,0,115
AIMS,106,"University
@enrolluni
Â·
3h",2025-01-13T02:26:31.000Z,5,0,0,106
AIMS,2K,"The Diplomat
@Diplomat_APAC
Â·
16h",2025-01-12T13:15:01.000Z,10,7,0,2000
AIMS,216,"BusinessWorld
@bworldph
Â·
1h",2025-01-13T04:20:00.000Z,2,1,1,216
AIMS,24,"Deluar Hosain
@deluarhosain_dm
Â·
22h",2025-01-12T07:32:35.000Z,3,0,1,24
AIMS,53,"Aims
@Aimsco91
Â·
10h",2025-01-12T19:43:39.000Z,3,0,0,53
AIMS,28K,"Z Alerts
@TheZAlert
Â·
9h",2025-01-12T20:56:40.000Z,180,64,5,28000
AIMS,103,"Sheamus McG
@sheamusmcgov
Â·
10h",2025-01-12T20:03:00.000Z,2,1,0,103
AIMS,860,"Mr Motion
@SkullyAims
Â·
4h",2025-01-13T01:42:14.000Z,4,1,1,860
AIMS,650,"PH Update TV
@phupdatetv
Â·
6h",2025-01-13T00:03:58.000Z,6,0,0,650
AIMS,12,"KAKA MEMORIAL FOUNDATION
@KakaMFoundation
Â·
13h",2025-01-12T17:02:13.000Z,2,0,1,12
AIMS,826,"zavtoshi
@zavtoshi
Â·
19h",2025-01-12T10:52:16.000Z,17,9,4,826
AIMS,129,"Melanie Bennet
@finkledusty
Â·
11h",2025-01-12T18:34:21.000Z,13,0,1,129
AIMS,44,"Innocent Butter
@innoboltz
Â·
10h",2025-01-12T19:44:15.000Z,2,0,1,44
AIMS,172,"VIGEN
@VlGENN
Â·
Jan 11",2025-01-12T00:07:13.000Z,5,0,0,172
AIMS,2.3K,"WFLA NEWS
@WFLA
Â·
14h",2025-01-12T15:15:00.000Z,6,3,0,2300
AIMS,128,"Aims
@Aim4saturdayss
Â·
11h",2025-01-12T19:07:05.000Z,3,0,1,128
AIMS,256,"@
@H1DR4_agent
Â·
14h",2025-01-12T15:20:40.000Z,7,1,1,256
AIMS,244,"Ciril Hajdinjak
@cirhaj
Â·
13h",2025-01-12T17:04:25.000Z,7,0,2,244
AIMS,40,"Aims
@Aimsco91
Â·
16h",2025-01-12T13:53:27.000Z,4,0,0,40
AIMS,350,"Greenport Capital
@FiletBolognese
Â·
17h",2025-01-12T12:53:52.000Z,5,2,1,350
AIMS,130,"aims
@funfettie
Â·
5h",2025-01-13T00:54:27.000Z,12,2,0,130
AIMS,55,"Mandeep kaur
@Mandeep77752
Â·
20h",2025-01-12T09:08:18.000Z,9,10,3,55
AIMS,727,"Mr Motion
@SkullyAims
Â·
3h",2025-01-13T02:36:41.000Z,8,0,0,727
AIMS,625,"City of Jersey City
@JerseyCity
Â·
13h",2025-01-12T17:00:18.000Z,2,1,0,625
AIMS,118,"ğ·â„ğ‘–ğ‘£ğ‘’â„ğ‘’ğ‘’ğ‘›ğ‘”ğ‘’ğ‘…ğ‘ğ‘’ğ‘’ğ‘ 
@DhiRaees
Â·
11h",2025-01-12T18:59:29.000Z,12,12,0,118
AIMS,80,"BitVeal | Cryptonews
@Bitveal
Â·
10h",2025-01-12T19:30:00.000Z,3,0,1,80
AIMS,78,"The Pakistan Telegraph
@TelegraphPak
Â·
19h",2025-01-12T10:49:13.000Z,5,0,0,78
AIMS,334,"Average
@AverageAims
Â·
7h",2025-01-12T22:17:15.000Z,8,0,1,334
AIMS,3.6K,"China Daily
@ChinaDaily
Â·
4h",2025-01-13T01:34:27.000Z,22,11,5,3600
AIMS,1.4K,"DD India
@DDIndialive
Â·
Jan 11",2025-01-12T03:30:48.000Z,16,2,0,1400
AIMS,404,"aims â¸†â¸‰ ERAS ERA
@shimmeringtay13
Â·
6h",2025-01-12T23:10:31.000Z,9,0,0,404
AIMS,174,"Average
@AverageAims
Â·
7h",2025-01-12T22:14:33.000Z,4,0,0,174
AIMS,179,"Bu11runner
@thebu11runner
Â·
20m",2025-01-13T05:46:22.000Z,5,1,1,179
AIMS,3.5K,"All India Radio News
@airnewsalerts
Â·
Jan 11",2025-01-12T03:10:40.000Z,33,9,0,3500
AIMS,218,"Raydium Upgrade Authority
@RaydiumPooL
Â·
29m",2025-01-13T05:37:45.000Z,3,0,0,218
AIMS,142,"leif chubby Paul Banks enthusiast
@prey_forthemale
Â·
6h",2025-01-12T23:38:58.000Z,10,4,8,142
aider,141K,".î¨€
@1khaby
Â·
19h",2025-01-12T11:00:44.000Z,3400,1200,7,141000
aider,31,"Linana Merlin
@LinanaMerlin
Â·
1h",2025-01-13T04:54:47.000Z,3,2,0,31
aider,22,"Pierre-Alain Bard
@spaceohpone
Â·
12h",2025-01-12T17:21:32.000Z,2,0,0,22
aider,2.4K,"SOLXGEM
@SOLXGEM
Â·
2h",2025-01-13T04:00:14.000Z,13,3,4,2400
aider,630,"dolph
@Dolphinlmao
Â·
2h",2025-01-13T04:01:01.000Z,4,0,1,630
aider,28,"FranceVivra
@FranceVivra
Â·
7h",2025-01-12T22:12:56.000Z,4,1,0,28
aider,15K,"lalla_mounya
@mounya_is_back
Â·
12h",2025-01-12T17:50:33.000Z,43,4,1,15000
aider,985,"Paragon
@PGN_io
Â·
1h",2025-01-13T04:08:50.000Z,4,0,4,985
aider,344,"Oln
@OlnBsnss
Â·
1h",2025-01-13T04:22:19.000Z,7,0,0,344
aider,48,"Knb loveSunchine
@knbLoveSunchine
Â·
11h",2025-01-12T18:23:40.000Z,2,1,0,48
aider,97,"laurence auvray
@AuvrayA71593
Â·
23h",2025-01-12T06:44:27.000Z,7,1,0,97
aider,46,"nowar
@Liveanpeace
Â·
11h",2025-01-12T19:03:24.000Z,3,1,0,46
aider,145,"Arcus
@samsung409
Â·
7h",2025-01-12T22:49:13.000Z,16,2,0,145
aider,205,"Adrien Frier
@FrierAdrien
Â·
4h",2025-01-13T01:31:12.000Z,6,1,0,205
aider,95,"ThreeSongsAboutLena (era propagande soviÃ©tique)
@lenasgaze
Â·
9h",2025-01-12T20:52:56.000Z,9,1,0,95
aider,22,"J.O.N.A.S.
@jonass_ava
Â·
22h",2025-01-12T07:55:48.000Z,4,0,0,22
aider,147,"Yurengan
@Yurengan
Â·
4h",2025-01-13T01:13:38.000Z,5,1,2,147
aider,144,"svno â˜¼
@gtsvno
Â·
13h",2025-01-12T16:08:13.000Z,2,1,1,144
aider,20K,"Manchester United
@MUnitedFR
Â·
12h",2025-01-12T17:58:56.000Z,813,47,23,20000
aider,29,"Stef
@grainer_s2
Â·
6h",2025-01-12T23:50:50.000Z,4,0,0,29
aider,180,"Crevette Rose CR : Monster
@CrevetteRose_
Â·
16h",2025-01-12T13:31:23.000Z,4,0,2,180
aider,95,"AIDER LES AUTISTES : ( ... SAUVER LES AUTISTES...
@AMY10880761
Â·
20h",2025-01-12T09:39:06.000Z,4,1,0,95
aider,39,"naria
@nariaaa__
Â·
18h",2025-01-12T11:09:36.000Z,5,0,18,39
aider,345,"Aliou Badji coly
@badjii_Aliiou
Â·
6h",2025-01-12T23:42:43.000Z,23,0,0,345
aider,1.4K,"341q5
@341q5
Â·
2h",2025-01-13T03:13:28.000Z,3,0,1,1400
aider,30K,"áŸá¬áá¢á’áªá
@central_sage
Â·
19h",2025-01-12T10:58:51.000Z,355,166,59,30000
aider,47,"Vaz
@Vas________
Â·
6h",2025-01-12T23:07:44.000Z,15,0,0,47
aider,578,"L
@fvck_mylife_
Â·
9h",2025-01-12T20:14:00.000Z,9,0,9,578
aider,180,"Mitch
@Free2AMitch
Â·
21h",2025-01-12T08:22:16.000Z,13,3,0,180
aider,138,"Legard Michelle
@LegardMichelle
Â·
8h",2025-01-12T21:09:25.000Z,10,1,1,138
aider,59,"Boris kelkun
@BKelkun
Â·
19h",2025-01-12T10:09:40.000Z,5,2,0,59
aider,125,"Tukops esport
@Tukops_Esport
Â·
14h",2025-01-12T15:44:26.000Z,5,3,0,125
aider,52,"Lady Jaujau
@ladyjaujau
Â·
8h",2025-01-12T21:14:20.000Z,3,0,1,52
aider,72,"embert Christophe
@embertChris2554
Â·
13h",2025-01-12T16:57:19.000Z,3,2,2,72
aider,74,"MalakaiBlack
@MalakaiB09
Â·
22h",2025-01-12T07:24:35.000Z,16,0,1,74
aider,723,"Ø¥ÙŠÙ…Ø§Ù†
@imn_008
Â·
13h",2025-01-12T16:46:19.000Z,9,14,0,723
aider,452,"dolph
@Dolphinlmao
Â·
2h",2025-01-13T03:54:11.000Z,3,0,1,452
aider,14K,"On m'appelle 404
@Red_Pill_Report
Â·
16h",2025-01-12T13:31:58.000Z,565,162,50,14000
aider,1.9K,"ğ“ğ“¶ğ“®ğ“µ
@i___am___el
Â·
18h",2025-01-12T11:36:19.000Z,6,1,0,1900
aider,28,"Olivier Boubet contre le Nouvel Ordre Mondial
@17Boubax
Â·
19h",2025-01-12T10:54:23.000Z,4,1,0,28
aider,920,"eliott
@Eliott444_
Â·
11h",2025-01-12T18:50:12.000Z,10,0,0,920
aider,366,"Marc-Antoine JAMET
@MA_Jamet
Â·
17h",2025-01-12T12:30:23.000Z,9,4,1,366
aider,75,"|:| ElwÃ¨ne (Anon)
@_Ellp_
Â·
6h",2025-01-12T23:24:16.000Z,4,0,0,75
aider,446,"Nico Demus
@Nicomedus
Â·
16h",2025-01-12T13:51:42.000Z,7,1,1,446
aider,864,"Tonton_Vinnie
@valgor_san
Â·
19h",2025-01-12T11:01:08.000Z,11,0,1,864
aider,29,"Mary
@mq714739
Â·
10h",2025-01-12T19:21:39.000Z,2,0,0,29
aider,224,"dolph
@Dolphinlmao
Â·
1h",2025-01-13T04:22:35.000Z,6,0,1,224
aider,988,"SnÃ¦zzY
@Young_seveen
Â·
12h",2025-01-12T17:23:14.000Z,6,0,1,988
aider,916,"rokidoki
@jachybochs
Â·
16h",2025-01-12T13:07:31.000Z,5,0,1,916
aider,183,"AntonilUwU
@AntonilUwU_ow2
Â·
19h",2025-01-12T10:31:52.000Z,4,1,1,183
ğŸŸ©ğŸŸ©,60,"Malene_reads
@MaleneD_
Â·
12h",2025-01-12T17:37:07.000Z,2,0,2,60
ğŸŸ©ğŸŸ©,3,"Gaspar Ventura M.
@GasparVenturaM
Â·
13m",2025-01-13T05:54:08.000Z,1,0,0,3
ğŸŸ©ğŸŸ©,116,"TUFKAF The User Formerly Known As FerencinoDDR
@FerencinoDS
Â·
21h",2025-01-12T09:01:23.000Z,25,0,2,116
ğŸŸ©ğŸŸ©,29,"matematico
@zga1903
Â·
41m",2025-01-13T05:25:48.000Z,1,0,1,29
ğŸŸ©ğŸŸ©,22,"Felipe Sachet da Silveira
@felipesachet
Â·
15h",2025-01-12T15:03:49.000Z,2,0,0,22
ğŸŸ©ğŸŸ©,80,"Mississippi Goddam
@LeonardCurtis
Â·
19h",2025-01-12T11:07:07.000Z,30,0,0,80
ğŸŸ©ğŸŸ©,44,"femğ“‚ğ“‚Ã½ â“ˆ
@postrock99
Â·
14h",2025-01-12T15:30:22.000Z,2,0,0,44
ğŸŸ©ğŸŸ©,99,"hasna
@merhababenhasna
Â·
19h",2025-01-12T10:43:52.000Z,5,0,1,99
ğŸŸ©ğŸŸ©,16,"Jia Rizvi
@JiaDocs
Â·
2h",2025-01-13T03:58:06.000Z,0,0,0,16
ğŸŸ©ğŸŸ©,28,"CamillehendrieIrishTeaSocks
@CamillatheScot
Â·
12h",2025-01-12T17:45:14.000Z,3,0,1,28
ğŸŸ©ğŸŸ©,74,"EsraaaaanÄ±m
@astrophonesra
Â·
9h",2025-01-12T20:12:12.000Z,1,0,2,74
ğŸŸ©ğŸŸ©,2,"Nick Kasem
@nickkasem
Â·
1h",2025-01-13T04:49:28.000Z,0,0,0,2
ğŸŸ©ğŸŸ©,9,"KerstinD
@Miezos2
Â·
37m",2025-01-13T05:30:15.000Z,4,0,0,9
ğŸŸ©ğŸŸ©,95,"Mickey Boggs
@MickeyBoggs
Â·
16h",2025-01-12T13:47:11.000Z,7,0,2,95
ğŸŸ©ğŸŸ©,137,"Magnesium But in Cigarette v2.0
@InMagnesiumV2
Â·
9h",2025-01-12T21:05:37.000Z,2,0,3,137
ğŸŸ©ğŸŸ©,3,"Gabster
@gabibooksit
Â·
1h",2025-01-13T05:05:32.000Z,0,0,0,3
ğŸŸ©ğŸŸ©,17,"Barry
@Bazza__Baz
Â·
21h",2025-01-12T08:10:48.000Z,2,0,1,17
ğŸŸ©ğŸŸ©,25,"Girish Chandra Dubey
@gcdubey786
Â·
19h",2025-01-12T10:25:53.000Z,3,0,0,25
ğŸŸ©ğŸŸ©,63,"ğ’Ÿğ‘’ğ“ğ’¾ğ’¶
@Deevine111
Â·
11h",2025-01-12T18:27:16.000Z,4,0,0,63
ğŸŸ©ğŸŸ©,71,"Rico Thompson
@RicoThompson12
Â·
21h",2025-01-12T08:10:02.000Z,4,0,0,71
ğŸŸ©ğŸŸ©,14,"elly
@cottrilldiary
Â·
1h",2025-01-13T04:14:01.000Z,0,0,0,14
ğŸŸ©ğŸŸ©,16,"K Marie
@LabTeacher40
Â·
15h",2025-01-12T14:40:44.000Z,3,0,0,16
ğŸŸ©ğŸŸ©,32,"Abby Virji #RejoinEU
@abbas_virji
Â·
23h",2025-01-12T06:14:58.000Z,8,0,0,32
ğŸŸ©ğŸŸ©,19,"harassli
@harassli
Â·
32m",2025-01-13T05:35:16.000Z,2,0,1,19
ğŸŸ©ğŸŸ©,29,"Tracy Green
@LOLtracyann
Â·
3h",2025-01-13T02:09:28.000Z,11,0,0,29
ğŸŸ©ğŸŸ©,8,"Newman the Human
@Newmanin2018
Â·
6h",2025-01-12T23:32:08.000Z,2,0,0,8
ğŸŸ©ğŸŸ©,23,"Andreas Aich
@andreas_aich
Â·
6h",2025-01-12T23:18:25.000Z,7,0,0,23
ğŸŸ©ğŸŸ©,77,"Marvin Gardens
@father_homo
Â·
Jan 11",2025-01-12T02:19:38.000Z,3,0,1,77
ğŸŸ©ğŸŸ©,1.4K,"NEMO
@_AskNemo
Â·
Jan 11",2025-01-12T04:09:37.000Z,13,6,1,1400
ğŸŸ©ğŸŸ©,102,"Ann Barr
@AnnBarr4819
Â·
21h",2025-01-12T08:48:25.000Z,6,0,0,102
ğŸŸ©ğŸŸ©,17,"Jennie Shrader
@JennieShrader
Â·
11h",2025-01-12T18:19:05.000Z,2,0,0,17
ğŸŸ©ğŸŸ©,15,"Susan Richardson
@ZsaWise
Â·
15h",2025-01-12T14:46:27.000Z,2,0,0,15
ğŸŸ©ğŸŸ©,11,"Peggy Shanks
@julep67
Â·
11h",2025-01-12T18:32:37.000Z,2,0,0,11
ğŸŸ©ğŸŸ©,11,"Atul
@Atul1219
Â·
14h",2025-01-12T15:38:34.000Z,3,0,0,11
ğŸŸ©ğŸŸ©,30,"Kate D....
@kitkatkate5
Â·
21h",2025-01-12T08:54:45.000Z,6,0,0,30
ğŸŸ©ğŸŸ©,27,"à°—à±à°°à± - guru - à²—à³à²°à³ - à¤—à¥à¤°à¥ - êµ¬ë£¨
@Guru___G
Â·
Jan 11",2025-01-12T00:23:10.000Z,4,0,1,27
ğŸŸ©ğŸŸ©,240,"den opprÃ¸rske sebraen ()
@rebZeb01
Â·
Jan 11",2025-01-12T04:38:18.000Z,46,0,6,240
ğŸŸ©ğŸŸ©,3,"FlamingNoseTVBlog
@FlamingNoseTV
Â·
1h",2025-01-13T04:39:06.000Z,0,0,0,3
ğŸŸ©ğŸŸ©,319,"ğš›ğšŠğšğš•ğšœğš ğš˜ğš›ğš•ğš.ğšŠğš•ğšğš˜
@Raelsworld1
Â·
14h",2025-01-12T15:38:03.000Z,14,5,0,319
ğŸŸ©ğŸŸ©,20,"Krishna Acharya
@KrisAcharya
Â·
Jan 11",2025-01-12T01:51:55.000Z,2,0,0,20
ğŸŸ©ğŸŸ©,24,"Richard Barrett
@richardluddite
Â·
5h",2025-01-13T00:08:10.000Z,12,0,0,24
ğŸŸ©ğŸŸ©,8,"SnoobieDoo
@SnoobieDoo
Â·
53m",2025-01-13T05:13:34.000Z,4,0,0,8
ğŸŸ©ğŸŸ©,29,"Rita #DemcastOR #Demcast
@rimarthag
Â·
11h",2025-01-12T18:31:30.000Z,3,0,0,29
ğŸŸ©ğŸŸ©,15,"You_did
@You__did__
Â·
1h",2025-01-13T04:43:06.000Z,6,0,0,15
ğŸŸ©ğŸŸ©,34,"KATYAYAN VAJPAYEE
@KVajpayaee
Â·
16h",2025-01-12T14:01:14.000Z,11,2,0,34
ğŸŸ©ğŸŸ©,57,"John Collins
@HangBlaa
Â·
5h",2025-01-13T00:35:28.000Z,6,0,0,57
ğŸŸ©ğŸŸ©,13,"Sudhakar Chopra
@sudhakarchopra
Â·
Jan 11",2025-01-12T01:37:35.000Z,3,0,0,13
ğŸŸ©ğŸŸ©,45,"Paul
@IronsFC1895
Â·
Jan 11",2025-01-12T00:40:07.000Z,3,0,0,45
ğŸŸ©ğŸŸ©,28,"Katarzyna Janeczka
@missfuria
Â·
17h",2025-01-12T12:28:12.000Z,7,0,0,28
ğŸŸ©ğŸŸ©,69,"Sir Loin Steak. #GTTO #ToriesOut #FBPE
@IanSmalley3
Â·
22h",2025-01-12T07:45:00.000Z,16,0,1,69
SENT,146K,"ë¹„ë‹ˆ
@spearhyunnie
Â·
15h",2025-01-12T14:37:17.000Z,18000,5700,26,146000
SENT,85K,"ì´ë¦¬ë†
@nearlylino
Â·
15h",2025-01-12T14:31:24.000Z,8300,2200,22,85000
SENT,124K,"/r/Habs
@HabsOnReddit
Â·
Jan 11",2025-01-12T01:34:37.000Z,2100,92,48,124000
SENT,12K,"Arjun Reddy
@ARJUNSSMB0223
Â·
Jan 11",2025-01-12T03:25:46.000Z,1500,360,7,12000
SENT,250K,"@amuse
@amuse
Â·
17h",2025-01-12T12:31:10.000Z,14000,2500,556,250000
SENT,3.7K,"Bonnibel #FreeLuigi
@pebubbz
Â·
5h",2025-01-13T00:59:38.000Z,391,37,0,3700
SENT,20K,"iCkEdMeL
@iCkEdMeL
Â·
Jan 12",2025-01-12T06:05:42.000Z,182,10,63,20000
SENT,1.1K,"Footy Condor
@FootyCondor
Â·
3h",2025-01-13T02:21:52.000Z,57,6,2,1100
SENT,467K,"em
@kawaiistellae
Â·
13h",2025-01-12T16:59:59.000Z,13000,1600,90,467000
SENT,8.4K,"Cats Coverage
@Cats_Coverage
Â·
Jan 11",2025-01-12T04:05:01.000Z,336,12,3,8400
SENT,31K,"Kara
@UTDKara
Â·
11h",2025-01-12T18:37:29.000Z,449,32,13,31000
SENT,291,"Shahrukh Baloch
@Shah_Rukh30
Â·
20h",2025-01-12T09:52:36.000Z,61,25,53,291
SENT,7.9K,"UFC Canada
@UFC_CA
Â·
Jan 11",2025-01-12T01:49:53.000Z,110,32,6,7900
SENT,362,"Sanatan Prabhat
@SanatanPrabhat
Â·
13h",2025-01-12T16:47:44.000Z,15,19,1,362
SENT,4.9K,"African
@ali_naka
Â·
21h",2025-01-12T08:25:42.000Z,102,46,7,4900
SENT,17K,"rowan! à­¨à§
@wasnotfound__
Â·
12h",2025-01-12T17:12:37.000Z,1900,301,14,17000
SENT,6.2K,"Jess
@littlexjesss
Â·
9h",2025-01-12T21:03:24.000Z,565,8,63,6200
SENT,5.9K,"DAM
@DAMisbetter
Â·
13h",2025-01-12T16:45:58.000Z,147,64,119,5900
SENT,14K,"aurora :): fan account
@ckyunstd
Â·
18h",2025-01-12T11:24:28.000Z,1100,196,1,14000
SENT,6.6K,"InvestigateJ6
@InvestigateJ6
Â·
14h",2025-01-12T15:52:44.000Z,255,76,16,6600
SENT,52,"Kronos Research
@KronosResearch
Â·
7m",2025-01-13T06:00:02.000Z,6,2,3,52
SENT,169K,"Luckieee_ZA
@FortunateN13
Â·
22h",2025-01-12T07:32:13.000Z,2600,349,55,169000
SENT,3K,"Peteâ€™s United Point Of View #MUFC
@petesunitedPOV
Â·
9h",2025-01-12T21:00:56.000Z,113,13,7,3000
SENT,64K,"PET
@petcoin_ai
Â·
9h",2025-01-12T20:48:24.000Z,435,537,633,64000
SENT,866,"JB
@JB_USA1st
Â·
12h",2025-01-12T18:02:28.000Z,43,7,18,866
SENT,1.6K,"Wirex
@wirexapp
Â·
21h",2025-01-12T09:00:18.000Z,85,23,22,1600
SENT,19K,"ëŒ•ê¾¸ â—¡Ìˆ
@SEUNGM1NE
Â·
15h",2025-01-12T14:34:38.000Z,1300,318,1,19000
SENT,7.5K,"â€ tyne.
@MlNHORIZON
Â·
15h",2025-01-12T14:34:50.000Z,669,199,2,7500
SENT,1.8K,"MediaCrooks
@mediacrooks
Â·
17h",2025-01-12T12:38:37.000Z,40,22,10,1800
SENT,3.5K,"Richard K. Jones
@butlersheriff
Â·
Jan 11",2025-01-12T00:02:54.000Z,53,9,10,3500
SENT,2.5K,"Atitty
@Atitty_
Â·
1h",2025-01-13T04:51:57.000Z,218,39,129,2500
SENT,312K,"Des Kelly
@TheDesKelly
Â·
13h",2025-01-12T16:41:19.000Z,10000,2000,99,312000
SENT,10K,"ConnorEatsPants Updates
@connor6Updates
Â·
6h",2025-01-13T00:06:51.000Z,445,20,0,10000
SENT,37K,"NBA TV
@NBATV
Â·
Jan 11",2025-01-12T03:37:34.000Z,436,31,12,37000
SENT,212K,"Maverick Aoko
@AokoOtieno_
Â·
21h",2025-01-12T08:29:09.000Z,3000,947,159,212000
SENT,60K,"Sam Ghali, M.D.
@EM_RESUS
Â·
6h",2025-01-12T23:35:07.000Z,1400,165,48,60000
SENT,4.3K,"Zero Dark Twenty-Nine
@herotimeszero
Â·
Jan 11",2025-01-12T01:31:17.000Z,381,131,3,4300
SENT,388,"first son
@Naturinda96
Â·
1h",2025-01-13T04:38:23.000Z,22,9,8,388
SENT,67K,"Tablesalt
@Tablesalt13
Â·
14h",2025-01-12T15:15:09.000Z,235,22,88,67000
SENT,62K,"NHL
@NHL
Â·
Jan 11",2025-01-12T02:49:41.000Z,307,25,10,62000
SENT,31K,"|| The Home of African Books ||
@NuriaStore
Â·
22h",2025-01-12T07:35:14.000Z,840,387,11,31000
SENT,7.1K,"SniperAlert
@StockOptions888
Â·
6h",2025-01-13T00:02:27.000Z,87,4,78,7100
SENT,10K,"Hon Dr Balaam Barugahara Ateenyi.
@BalaamAteenyiDr
Â·
20h",2025-01-12T09:29:07.000Z,219,18,21,10000
SENT,523K,"Barstool Sports
@barstoolsports
Â·
Jan 11",2025-01-12T01:27:52.000Z,4700,319,119,523000
SENT,2.6K,"BattlementLK
@BattlementLK
Â·
11h",2025-01-12T18:20:00.000Z,177,32,13,2600
SENT,3.1K,"The Alaska Landmine
@alaskalandmine
Â·
6h",2025-01-12T23:21:29.000Z,44,10,6,3100
SENT,59K,"Great punter
@MegaGreat2
Â·
9h",2025-01-12T20:27:19.000Z,526,80,103,59000
SENT,29K,"SocialPariah
@Non_graata
Â·
14h",2025-01-12T15:42:02.000Z,90,27,13,29000
SENT,11K,"Crypto EA
@Crypto_Erdemm
Â·
14h",2025-01-12T15:42:55.000Z,310,207,225,11000
SENT,29K,"SocialPariah
@Non_graata
Â·
14h",2025-01-12T15:42:02.000Z,90,27,13,29000
CHANCLA,233,"LuciaZ
@NenaZ15
Â·
3h",2025-01-13T02:53:18.000Z,0,0,0,233
CHANCLA,65,"Exdie_sol
@Exdie_Sol
Â·
3h",2025-01-13T02:59:06.000Z,0,0,0,65
CHANCLA,94,"Chancla
@Chancla_tv
Â·
9h",2025-01-12T20:08:58.000Z,6,1,0,94
CHANCLA,12,"Miss Grippy
@karmakahzy
Â·
5h",2025-01-13T00:20:30.000Z,0,0,0,12
CHANCLA,11,"Fer
@FerchiChancla
Â·
2h",2025-01-13T03:48:19.000Z,1,0,0,11
CHANCLA,4,"LadyB
@chancla4u
Â·
49m",2025-01-13T05:17:41.000Z,0,0,0,4
CHANCLA,419,"Chancla Divine II
@Chancla_Divine_
Â·
10h",2025-01-12T19:37:41.000Z,14,3,0,419
CHANCLA,75,"La Chancla
@StarGazer419
Â·
14h",2025-01-12T16:00:04.000Z,3,0,1,75
CHANCLA,375,"Rivv.PhD
@RivvPhD
Â·
3h",2025-01-13T02:59:50.000Z,4,0,1,375
CHANCLA,17,"Witchy Chick
@1WitchyChick
Â·
13h",2025-01-12T16:26:35.000Z,2,0,1,17
CHANCLA,9,"nini |
@nikisaurio
Â·
Jan 11",2025-01-12T02:22:04.000Z,0,0,0,9
CHANCLA,26,"Mountain Springs Family
@CaitlinCarnaha
Â·
12h",2025-01-12T17:32:38.000Z,1,0,0,26
CHANCLA,16,"Victoria ChÃ¡vez
@Vistacha
Â·
Jan 11",2025-01-12T04:13:55.000Z,0,0,0,16
CHANCLA,90,"LastraXZZ
@DefosseJac55283
Â·
3h",2025-01-13T02:41:47.000Z,0,0,0,90
CHANCLA,24,"Mike von TrÃ¼ber
@The_von_Truber
Â·
Jan 11",2025-01-12T01:36:10.000Z,0,0,0,24
CHANCLA,40,"â€¢
@nitziapineda
Â·
20h",2025-01-12T09:30:06.000Z,1,0,0,40
CHANCLA,51,"La_Chancla_de_Jisoo
@GABRIELAALBIT91
Â·
21h",2025-01-12T08:44:24.000Z,0,0,0,51
CHANCLA,114,"Francisco Pizarro â™œ
@Pizarro1478
Â·
13h",2025-01-12T16:08:50.000Z,4,1,0,114
CHANCLA,77,"Cara de chancla
@luisititititoo
Â·
4h",2025-01-13T01:56:00.000Z,5,1,1,77
CHANCLA,22,"Agustina
@AgussToledanoW
Â·
Jan 11",2025-01-12T05:38:38.000Z,1,0,0,22
CHANCLA,11K,"chai
@chaimafuu
Â·
Jan 11",2025-01-12T03:10:13.000Z,1500,250,2,11000
CHANCLA,105,"ximena
@ximenasego
Â·
21h",2025-01-12T08:47:15.000Z,1,0,0,105
CHANCLA,78,"Fernando MuÃ±oz
@diacero0
Â·
6h",2025-01-12T23:27:34.000Z,3,0,0,78
CHANCLA,159,"Mfer. Tess Tickles (,)
@n0tGomez
Â·
1h",2025-01-13T04:13:49.000Z,1,1,2,159
CHANCLA,6,"LadyB
@chancla4u
Â·
10h",2025-01-12T19:58:03.000Z,0,0,0,6
CHANCLA,141,"Big Chancla
@pablitosucks
Â·
13h",2025-01-12T16:10:13.000Z,0,0,0,141
CHANCLA,388,"Rivv.PhD
@RivvPhD
Â·
3h",2025-01-13T02:35:17.000Z,3,0,3,388
CHANCLA,76,"Mfer. Tess Tickles (,)
@n0tGomez
Â·
1h",2025-01-13T04:16:45.000Z,1,2,0,76
CHANCLA,98,"ášÒ‰áš ğ—”ğ—šğ—”ğ—§ğ—›ğ—” ğ—›ğ—”ğ—¥ğ—ğ—¡ğ—˜ğ—¦ğ—¦.
@DXRKWlTCH
Â·
12h",2025-01-12T17:20:13.000Z,2,1,0,98
CHANCLA,143,"Samuel
@Samuel011928460
Â·
13h",2025-01-12T17:01:37.000Z,3,1,0,143
CHANCLA,9,"Manuel Alvarez
@mmalvarezg
Â·
3h",2025-01-13T02:50:38.000Z,0,0,0,9
CHANCLA,152,"Solana Reader #6
@theSolanaReader
Â·
3h",2025-01-13T02:15:06.000Z,0,0,0,152
CHANCLA,80,"MarianRL
@JMarianRL
Â·
21h",2025-01-12T08:46:29.000Z,3,0,0,80
CHANCLA,3,"Burr Hadas d' Mex
@BurrMex
Â·
Jan 11",2025-01-12T05:00:28.000Z,0,0,0,3
CHANCLA,174,"Samuel
@Samuel011928460
Â·
Jan 11",2025-01-12T01:17:58.000Z,6,1,1,174
CHANCLA,30,"Big Chancla
@pablitosucks
Â·
Jan 11",2025-01-12T02:25:22.000Z,1,0,1,30
CHANCLA,20,"chancla
@agarcia1410
Â·
9h",2025-01-12T21:07:37.000Z,1,0,0,20
CHANCLA,146,"Samuel
@Samuel011928460
Â·
3h",2025-01-13T03:01:57.000Z,2,1,1,146
CHANCLA,721,"Josef Ludwig
@DerWilder06
Â·
21h",2025-01-12T08:45:40.000Z,2,0,0,721
CHANCLA,26,"Leila
@oranaise
Â·
10h",2025-01-12T19:20:20.000Z,2,0,0,26
CHANCLA,62,"el flow de mi chancla
@solitario79730
Â·
9h",2025-01-12T20:29:16.000Z,0,0,0,62
CHANCLA,94,"Ternurin tÃ¡ctico
@_Navelka
Â·
Jan 11",2025-01-12T05:55:29.000Z,0,0,0,94
CHANCLA,30,"Chancla Divine II
@Chancla_Divine_
Â·
10h",2025-01-12T19:14:45.000Z,3,0,1,30
CHANCLA,80,"sohail altaf
@saltaf01
Â·
7h",2025-01-12T22:24:57.000Z,2,0,2,80
CHANCLA,58,"Glen Akmal
@AkmalGlen74311
Â·
3h",2025-01-13T02:41:50.000Z,0,0,0,58
CHANCLA,8,"Barcelonista RD
@RDBarcelonista
Â·
12h",2025-01-12T18:07:32.000Z,1,0,0,8
CHANCLA,14,"Proud Edward
@sc92535480
Â·
9h",2025-01-12T20:20:04.000Z,3,0,1,14
CHANCLA,17,"El Decimista
@el_decimista
Â·
14h",2025-01-12T15:48:01.000Z,0,0,0,17
CHANCLA,226,"Yuti Bot
@YutiBot3
Â·
3h",2025-01-13T02:13:53.000Z,0,0,0,226
CHANCLA,37,"Jorge Alberto Arroyo Velazquez
@JorgeAl95471009
Â·
Jan 11",2025-01-12T03:28:35.000Z,5,0,0,37
EMI,63,"emi
@yvesender
Â·
58m",2025-01-13T05:09:22.000Z,3,1,1,63
EMI,4K,"Davir Emi
@EmiMonty23
Â·
2h",2025-01-13T03:18:47.000Z,35,4,0,4000
EMI,2K,"emi LEE KNOW DAY !!!
@bottomleeknow
Â·
21h",2025-01-12T08:53:04.000Z,262,34,3,2000
EMI,8K,"emiğ“†°ğ“†ª
@ttrapppkitty
Â·
Jan 11",2025-01-12T04:22:48.000Z,534,99,1,8000
EMI,152,"Cllr Emi Koekemoer
@emi_koekemoer
Â·
2h",2025-01-13T03:44:21.000Z,2,1,1,152
EMI,325,"Emi
@emi_947
Â·
10h",2025-01-12T19:30:04.000Z,14,1,1,325
EMI,1.7K,"Emi#SnaW #FBPE
@EmiSnaw9664
Â·
Mod
Â·
9h",2025-01-12T20:45:57.000Z,68,35,0,1700
EMI,2.3K,"æ£®è—¤æµç¾
@emi_morifuji
Â·
7h",2025-01-12T22:24:48.000Z,260,9,11,2300
EMI,1.9K,"emi â™¡
@celzvz
Â·
8h",2025-01-12T21:14:56.000Z,218,38,10,1900
EMI,292,"Emi
@EmiAped
Â·
16h",2025-01-12T13:20:00.000Z,10,0,3,292
EMI,168,"NSNV 7G
@WurldCole35351
Â·
Jan 11",2025-01-12T01:11:33.000Z,11,3,2,168
EMI,42,"emi | ezreal bullying hours, look away
@Imochilll
Â·
9m",2025-01-13T05:58:45.000Z,11,1,0,42
EMI,111,"GoingUnderground
@neutronron
Â·
5h",2025-01-13T00:22:03.000Z,7,6,7,111
EMI,251K,"ã¾ãã‚
@HerreraEmi64357
Â·
21h",2025-01-12T09:07:28.000Z,680,11,30,251000
EMI,2.9K,"Keb
@Keb_ssj
Â·
7h",2025-01-12T22:58:07.000Z,295,22,1,2900
EMI,528,"Emi Santo(ãˆã¿ã¡ã‚ƒã‚“)@æ±å¤§é˜ªã®è©¦ä½œå±‹ã®å«ï¼†SNSæ‹…å½“
@e_santo310
Â·
16h",2025-01-12T13:31:29.000Z,44,0,0,528
EMI,888,"Emi#SnaW #FBPE
@EmiSnaw9664
Â·
18h",2025-01-12T11:21:51.000Z,98,50,11,888
EMI,88,"æ¡œãˆã¿Vsingerãƒªãƒ‡ãƒ“ãƒ¥ãƒ¼æº–å‚™ä¸­
@sakura_emi_v
Â·
7h",2025-01-12T22:15:52.000Z,8,1,2,88
EMI,170,"Jimmy D'Andrea
@AndoverPrin
Â·
4h",2025-01-13T01:37:37.000Z,4,1,0,170
EMI,348,"Emi#SnaW #FBPE
@EmiSnaw9664
Â·
Mod
Â·
8h",2025-01-12T21:30:25.000Z,24,12,0,348
EMI,233,"ã¿ã¶ã ãˆã¿ï½œå¿ƒç†å æ˜Ÿå®¶
@emi_mibuki
Â·
22h",2025-01-12T07:45:05.000Z,14,2,1,233
EMI,2.7K,"ÎµÑ—Ğ·
@emipanly
Â·
22h",2025-01-12T07:40:18.000Z,321,76,5,2700
EMI,2.4K,"emi
@mightypike
Â·
7h",2025-01-12T22:25:04.000Z,111,16,2,2400
EMI,1.7K,"Emi Eleode
@EmiEleode
Â·
Jan 11",2025-01-12T03:13:30.000Z,49,6,0,1700
EMI,155K,"ãã‚Šãˆã¿/KURIEMI
@kurita__emi
Â·
19h",2025-01-12T11:00:06.000Z,9100,476,94,155000
EMI,374,"wa âœ®
@unusualwa
Â·
20h",2025-01-12T09:09:19.000Z,27,15,0,374
EMI,359,"emi
@skibidi_emi
Â·
10h",2025-01-12T19:33:16.000Z,10,1,1,359
EMI,375,"EmÇ FantÇnÇ
@EmiFantini
Â·
4h",2025-01-13T02:06:48.000Z,7,1,0,375
EMI,7.3K,"emi ã‚¨ãƒŸ
@keyokku
Â·
Jan 11",2025-01-12T05:37:15.000Z,1000,25,29,7300
EMI,87K,"emi
@heartsfouraron
Â·
16h",2025-01-12T13:39:39.000Z,1500,126,23,87000
EMI,56,"ã‚´ãƒ«ãƒ•å¥½ãæœ€çµ‚ç« ãˆã¿
@EMI02221980
Â·
56m",2025-01-13T05:11:20.000Z,3,0,0,56
EMI,140,"ã¿ã¶ã ãˆã¿ï½œå¿ƒç†å æ˜Ÿå®¶
@emi_mibuki
Â·
17h",2025-01-12T13:03:02.000Z,18,1,0,140
EMI,311,"ã‚ã‚“ã˜@æœˆæ¥µãƒ•ãƒ©ãƒƒãƒ•ã‚£ãƒ¼ã‚º555
@emi_angiecat
Â·
3h",2025-01-13T02:40:40.000Z,3,1,0,311
EMI,5.1K,"emichimi Â¹Â³ â˜½ áµ•Ìˆ* â¤ï¸.* ğ— ğ—¨ğ—¦ğ—˜*Ì£Ì£Ì¥ á´¸áµ‰áµ—áµ—áµ‰Ê³*Ì£Ì£Ì¥
@emi1013_1211
Â·
8h",2025-01-12T21:23:57.000Z,197,19,4,5100
EMI,1.4K,"emi
@amnzha
Â·
20h",2025-01-12T09:41:31.000Z,20,7,1,1400
EMI,2.1K,"emi
@emi_blanchett
Â·
10h",2025-01-12T19:38:46.000Z,231,25,3,2100
EMI,26K,"Not that kind of Emi
@FunnyTobeme1
Â·
15h",2025-01-12T15:03:32.000Z,453,41,16,26000
EMI,7K,"Emi Sakura
@EmiSakura_gtmv
Â·
15h",2025-01-12T14:40:00.000Z,488,39,0,7000
EMI,1.2K,"emi
@emidafilmgal
Â·
Jan 11",2025-01-12T05:09:45.000Z,55,5,1,1200
EMI,110,"Smileyâ˜† emi
@emi17lovers
Â·
20h",2025-01-12T09:43:41.000Z,29,3,0,110
EMI,209,"ãˆã¿ã‚Š
@emi_emi211
Â·
5h",2025-01-13T00:32:16.000Z,16,0,0,209
EMI,1.7K,"Emi#SnaW #FBPE
@EmiSnaw9664
Â·
16h",2025-01-12T13:44:25.000Z,98,41,12,1700
EMI,860,"Emi Hariyama é‡å±±æ„›ç¾
@emihari
Â·
Jan 11",2025-01-12T01:38:47.000Z,9,4,0,860
EMI,1.5K,"emi (the MAVERICK b!tch)
@cercent
Â·
9h",2025-01-12T20:47:49.000Z,99,10,2,1500
EMI,143,"ã‚ã‚“ã˜@æœˆæ¥µãƒ•ãƒ©ãƒƒãƒ•ã‚£ãƒ¼ã‚º555
@emi_angiecat
Â·
15h",2025-01-12T14:40:31.000Z,12,1,1,143
EMI,1.5K,"emi (the MAVERICK b!tch)
@cercent
Â·
9h",2025-01-12T20:47:49.000Z,99,10,2,1500
EMI,143,"ã‚ã‚“ã˜@æœˆæ¥µãƒ•ãƒ©ãƒƒãƒ•ã‚£ãƒ¼ã‚º555
@emi_angiecat
Â·
15h",2025-01-12T14:40:31.000Z,12,1,1,143
EMI,6.6K,"Emi SmithShowe
@EmiSmithShowe
Â·
8h",2025-01-12T21:23:40.000Z,179,6,1,6600
EMI,138,"emi
@em_129_
Â·
37m",2025-01-13T05:30:08.000Z,4,6,0,138
EMI,2K,"ğ„ğ¦ğ¢ğ¥ğ²
@Emi_Kate
Â·
22h",2025-01-12T07:55:49.000Z,144,1,134,2000
PAPI,163K,"il Donaldo Trumpo
@PapiTrumpo
Â·
10h",2025-01-12T19:10:04.000Z,8700,2100,542,163000
PAPI,2.5K,"PAPI_
@Papijnr0
Â·
13h",2025-01-12T17:02:18.000Z,24,3,2,2500
PAPI,2.6K,"@BickenHeadPapi
Â·
Jan 11",2025-01-12T03:51:24.000Z,52,12,1,2600
PAPI,5.9K,"Leafs Papi
@LeafsPapi_
Â·
Jan 11",2025-01-12T02:19:25.000Z,150,8,0,5900
PAPI,183,"BIRABONEYE VICKY
@BiraboneyeVicky
Â·
24m",2025-01-13T05:43:29.000Z,5,0,2,183
PAPI,1.3K,"Shadyyee
@chockietee
Â·
10h",2025-01-12T19:13:35.000Z,13,2,2,1300
PAPI,163,"@PapiGing
Â·
7h",2025-01-12T22:44:14.000Z,5,2,0,163
PAPI,295,"papi piego
@Piego_AH
Â·
6h",2025-01-12T23:42:56.000Z,13,0,3,295
PAPI,4.2K,"Nikon Papi
@travolta2394
Â·
23h",2025-01-12T06:55:42.000Z,98,2,5,4200
PAPI,693,"Pablo
@zoe_papi_
Â·
Jan 11",2025-01-12T05:18:49.000Z,12,5,0,693
PAPI,129,"ğ•‹entacle â„™api
@tentaclepapi
Â·
2h",2025-01-13T03:40:44.000Z,3,0,0,129
PAPI,144,"Papi
@onchainpapi
Â·
6h",2025-01-12T23:30:49.000Z,8,2,0,144
PAPI,37K,"Ohemaa_akyaa89
@Ohemaa_akyaa89
Â·
11h",2025-01-12T18:56:21.000Z,348,25,29,37000
PAPI,410,"HeLa Papi
@HeLaPapi
Â·
6h",2025-01-12T23:37:04.000Z,7,0,0,410
PAPI,525K,"il Donaldo Trumpo
@PapiTrumpo
Â·
Jan 11",2025-01-12T00:23:58.000Z,20000,4000,353,525000
PAPI,349,"Bodega Papi
@JuiceLordJosh
Â·
4h",2025-01-13T01:16:33.000Z,22,3,5,349
PAPI,31,"ASH PAPI â„¢
@Mr_Papi5
Â·
9m",2025-01-13T05:58:39.000Z,2,2,1,31
PAPI,3.3K,"#UNDETACHEDFORNOW
@Sinesipho_mqw
Â·
13h",2025-01-12T16:58:06.000Z,48,11,8,3300
PAPI,363,"Usman
@R0botventures
Â·
2h",2025-01-13T04:01:12.000Z,6,2,0,363
PAPI,140,"@PapiGing
Â·
5h",2025-01-13T00:50:35.000Z,6,2,0,140
PAPI,312,"@PapiGing
Â·
7h",2025-01-12T22:09:30.000Z,6,2,0,312
PAPI,325,"La China
@ChinaNipona
Â·
3h",2025-01-13T02:22:58.000Z,12,6,0,325
PAPI,3.8K,"lord papÃ­
@THEEsimphunter
Â·
Jan 11",2025-01-12T03:50:25.000Z,58,0,6,3800
PAPI,25K,"il Donaldo Trumpo
@PapiTrumpo
Â·
1h",2025-01-13T04:09:36.000Z,1700,342,84,25000
PAPI,164,"miraa
@hkaisiin
Â·
16m",2025-01-13T05:51:40.000Z,4,2,1,164
PAPI,2.1K,"dez dollaz
@dezmadeit
Â·
2h",2025-01-13T03:33:44.000Z,14,4,1,2100
PAPI,6.8K,"Cognac Papi
@yakdontmiss
Â·
8h",2025-01-12T21:49:42.000Z,112,85,2,6800
PAPI,505,"blAk Metal Papi
@NuMetalPapi69
Â·
10h",2025-01-12T19:31:53.000Z,12,1,2,505
PAPI,197,"Marcel
@55Domains
Â·
1h",2025-01-13T04:10:13.000Z,13,2,2,197
PAPI,426K,"il Donaldo Trumpo
@PapiTrumpo
Â·
Jan 11",2025-01-12T01:27:13.000Z,29000,3900,532,426000
PAPI,1K,"Coconut Oil Papi
@Raury
Â·
8h",2025-01-12T21:11:13.000Z,11,6,1,1000
PAPI,2.8K,"ğŸ²ğ—¶ğ˜…ğ“…“
@six_papi
Â·
21h",2025-01-12T08:18:15.000Z,21,5,4,2800
PAPI,4.6K,"Ohemaa_akyaa89
@Ohemaa_akyaa89
Â·
5h",2025-01-13T00:30:04.000Z,18,8,8,4600
PAPI,93,"Loong88
@Tauloong88
Â·
19m",2025-01-13T05:48:51.000Z,6,7,0,93
PAPI,87K,"ğŸ²ğ—¶ğ˜…ğ“…“
@six_papi
Â·
16h",2025-01-12T13:09:28.000Z,396,40,119,87000
PAPI,142,"Papi
@PapiChuloGrim
Â·
10h",2025-01-12T19:55:56.000Z,3,0,1,142
PAPI,176,"papi mimi
@Mirelssy
Â·
11h",2025-01-12T18:59:58.000Z,4,1,1,176
PAPI,2.4K,"Tash Nika
@papi_nicetingz
Â·
13h",2025-01-12T16:55:56.000Z,163,18,5,2400
PAPI,373,"Plantain based papi Kwabz
@TheFadeWW
Â·
9h",2025-01-12T20:50:27.000Z,5,1,0,373
PAPI,1.4K,"papi
@aespitote
Â·
Jan 11",2025-01-12T03:29:29.000Z,45,1,3,1400
PAPI,882,"ë‚˜~febii
@rubiidoyie_
Â·
16h",2025-01-12T13:32:19.000Z,14,1,23,882
PAPI,101,"Mee Too Crypto
@MeeTooCrypto
Â·
41m",2025-01-13T05:27:00.000Z,2,1,3,101
PAPI,1.4K,"ğŸ²ğ—¶ğ˜…ğ“…“
@six_papi
Â·
23h",2025-01-12T06:43:10.000Z,8,2,1,1400
PAPI,940,"QUARTZ
@quartzeth
Â·
3h",2025-01-13T02:46:04.000Z,9,2,1,940
PAPI,1.4K,"ğŸ²ğ—¶ğ˜…ğ“…“
@six_papi
Â·
23h",2025-01-12T06:43:10.000Z,8,2,1,1400
PAPI,940,"QUARTZ
@quartzeth
Â·
3h",2025-01-13T02:46:04.000Z,9,2,1,940
PAPI,399,"Deez
@Fro3xy_
Â·
4h",2025-01-13T01:52:07.000Z,8,1,2,399
PAPI,323,"@PapiGing
Â·
Jan 11",2025-01-12T00:19:40.000Z,9,4,1,323
PAPI,140,"Pink Papi
@PinkPapisTwit
Â·
4h",2025-01-13T02:03:14.000Z,4,0,0,140
PAPI,1.6K,"Hibachi Papi
@MrTweetYoGirl
Â·
2h",2025-01-13T04:04:06.000Z,39,32,0,1600
LILLO,19,"Cabler Otelia
@otelia99657
Â·
Jan 11",2025-01-12T04:26:50.000Z,3,0,2,19
LILLO,87,"SebastiÃ¡n Lillo
@SebaLillo_M
Â·
2h",2025-01-13T03:48:18.000Z,0,0,0,87
LILLO,9,"Lillo Pastelillo
@LilloPastelillo
Â·
Jan 11",2025-01-12T05:06:28.000Z,3,1,0,9
LILLO,88,"Rich Lillo
@rich71770
Â·
5h",2025-01-13T01:06:41.000Z,17,2,0,88
LILLO,29,"Bolillo
@B0lillo6661
Â·
9h",2025-01-12T20:37:37.000Z,11,0,0,29
LILLO,167,"Lillo
@art_lillo
Â·
14h",2025-01-12T15:51:54.000Z,7,3,0,167
LILLO,58,"lillo
@v4derkin
Â·
2h",2025-01-13T03:43:49.000Z,0,0,0,58
LILLO,45,"pallino (De Lillo Giuseppe)
@gioronin
Â·
19h",2025-01-12T10:33:44.000Z,2,1,0,45
LILLO,1.6K,"CGI Â· Bomberos de ValparaÃ­so
@CGI_CBV
Â·
Jan 11",2025-01-12T03:54:20.000Z,4,4,0,1600
LILLO,107,"lillo
@v4derkin
Â·
3h",2025-01-13T02:54:27.000Z,1,0,0,107
LILLO,4,"Jason Lillo
@JasonLillo32
Â·
1h",2025-01-13T04:29:14.000Z,0,0,0,4
LILLO,40,"Manuel Lillo
@m_lillo
Â·
17h",2025-01-12T12:37:01.000Z,0,0,0,40
LILLO,300,"Mario R. The Lillo
@mario_eddyLillo
Â·
7h",2025-01-12T22:44:11.000Z,1,0,0,300
LILLO,24,"Antonio De lillo
@AntonioDelill10
Â·
20h",2025-01-12T09:20:06.000Z,3,0,0,24
LILLO,38,"Lillo e Gi
@gi_lillo
Â·
12h",2025-01-12T17:11:43.000Z,3,1,1,38
LILLO,152,"Juan Lillo R.
@juanlillorojas
Â·
5h",2025-01-13T00:49:20.000Z,15,0,2,152
LILLO,68,"lillo
@v4derkin
Â·
3h",2025-01-13T02:14:34.000Z,0,0,1,68
LILLO,85,"lillo
@v4derkin
Â·
3h",2025-01-13T02:15:39.000Z,0,0,1,85
LILLO,153,"lillo
@v4derkin
Â·
2h",2025-01-13T03:44:08.000Z,3,0,8,153
LILLO,167,"isdaT
@isdaT_fr
Â·
21h",2025-01-12T09:00:01.000Z,1,1,0,167
LILLO,68,"Lillo
@art_lillo
Â·
17h",2025-01-12T12:20:46.000Z,4,2,0,68
LILLO,238,"Radio 45Sur
@Radio45Sur
Â·
10h",2025-01-12T19:21:26.000Z,3,0,0,238
LILLO,28,"Manuel Lillo
@m_lillo
Â·
12h",2025-01-12T17:40:00.000Z,0,0,0,28
LILLO,99,"Mario R. The Lillo
@mario_eddyLillo
Â·
14h",2025-01-12T15:51:20.000Z,4,0,2,99
LILLO,132,"Lillo
@Lillo1996YNWA
Â·
9h",2025-01-12T20:22:23.000Z,0,0,0,132
LILLO,201,"BOMBEROS TALAGANTE
@132Talagante
Â·
Jan 11",2025-01-12T02:36:05.000Z,1,2,0,201
LILLO,101,"lillo
@v4derkin
Â·
4h",2025-01-13T01:19:02.000Z,4,0,1,101
LILLO,14,"Lillo Pastelillo
@LilloPastelillo
Â·
4h",2025-01-13T01:55:25.000Z,2,1,0,14
LILLO,65,"Mario R. The Lillo
@mario_eddyLillo
Â·
14h",2025-01-12T15:56:19.000Z,0,0,0,65
LILLO,81,"Oscar Lillo
@OskarLillo
Â·
15h",2025-01-12T14:34:11.000Z,2,1,0,81
LILLO,9,"GonzaLilloÂ®
@_GonzaLillo
Â·
56m",2025-01-13T05:11:57.000Z,0,0,0,9
LILLO,33,"Mario R. The Lillo
@mario_eddyLillo
Â·
3h",2025-01-13T02:14:52.000Z,3,0,0,33
LILLO,577,"Conchi Lillo
@ConchiLillo
Â·
20h",2025-01-12T09:38:20.000Z,12,0,1,577
LILLO,706,"Oscar Lillo
@OskarLillo
Â·
15h",2025-01-12T14:26:17.000Z,4,0,1,706
LILLO,123,"lillo
@v4derkin
Â·
14h",2025-01-12T15:31:28.000Z,4,0,0,123
LILLO,42,"Carlos Lillo
@CarlosLilloCR
Â·
10h",2025-01-12T19:56:31.000Z,0,0,0,42
LILLO,54,"Pao
@PaoFLillo
Â·
Jan 11",2025-01-12T01:54:25.000Z,3,0,0,54
LILLO,57,"Lillo
@Lillottoio
Â·
7h",2025-01-12T22:27:18.000Z,2,0,0,57
LILLO,54,"Mario R. The Lillo
@mario_eddyLillo
Â·
Jan 11",2025-01-12T00:33:48.000Z,0,0,0,54
LILLO,48,"Lillo Biondo
@lillo_biondo
Â·
14h",2025-01-12T15:29:00.000Z,5,1,0,48
LILLO,92,"MarÃ­a JosÃ©
@MaraJosLilloGa1
Â·
14h",2025-01-12T15:16:26.000Z,3,0,1,92
LILLO,47,"Juan Lillo R.
@juanlillorojas
Â·
23h",2025-01-12T06:09:58.000Z,3,0,0,47
LILLO,15,"Mario R. The Lillo
@mario_eddyLillo
Â·
2h",2025-01-13T03:53:03.000Z,3,0,0,15
LILLO,26,"Mario R. The Lillo
@mario_eddyLillo
Â·
Jan 11",2025-01-12T01:46:27.000Z,6,0,0,26
LILLO,18,"Carlos Lillo
@CarlosLilloCR
Â·
6h",2025-01-12T23:25:21.000Z,0,0,0,18
LILLO,50,"Daniel Lillo
@DanielLillo17
Â·
6h",2025-01-12T23:49:39.000Z,0,0,0,50
LILLO,857,"Vlaams Verkeerscentrum
@verkeerscentrum
Â·
8h",2025-01-12T21:51:31.000Z,1,0,0,857
LILLO,7,"Aria lillo
@lillo39771
Â·
15h",2025-01-12T15:03:27.000Z,1,0,0,7
LILLO,685,"Oscar Lillo
@OskarLillo
Â·
15h",2025-01-12T15:08:11.000Z,6,1,0,685
LILLO,56,"LilloTina
@LilloATM
Â·
9h",2025-01-12T20:22:04.000Z,4,0,0,56
Gua,41,"calul
@seraplhie
Â·
14m",2025-01-13T05:54:10.000Z,2,2,2,41
Gua,89,"eji
@yejixhwng
Â·
3h",2025-01-13T02:39:03.000Z,4,3,4,89
Gua,155,"Mr. SoFarAhead
@P33Z3
Â·
52m",2025-01-13T05:15:18.000Z,3,2,0,155
Gua,172,"holla
@hewwo25
Â·
10h",2025-01-12T19:46:34.000Z,5,0,4,172
Gua,55K,"ari
@Ari_arifda
Â·
4h",2025-01-13T01:58:49.000Z,1700,103,108,55000
Gua,551,"BUTOSHI
@ButoshiWushi
Â·
2h",2025-01-13T03:55:29.000Z,8,2,1,551
Gua,176,"phiilipussadewa
@Philip8190
Â·
4h",2025-01-13T01:35:53.000Z,5,0,5,176
Gua,199,"Misoha
@Geniusboyss
Â·
3h",2025-01-13T02:24:30.000Z,5,0,1,199
Gua,83,"ğš ğ’”ğ’‰ğ’‚ğ’ƒğ’“ğ’Šğ’ğ’‚Ë–à£ª â€¢
@nananinaduar
Â·
51m",2025-01-13T05:16:45.000Z,5,0,0,83
Gua,104,"ğŸ…
@Arryuz_man
Â·
1h",2025-01-13T05:07:10.000Z,6,0,1,104
Gua,296,"GUA
@GUA_MEME
Â·
26m",2025-01-13T05:41:57.000Z,15,8,7,296
Gua,148,"Jiwoong.
@jiwoonggk
Â·
15h",2025-01-12T14:21:39.000Z,2,2,0,148
Gua,2.2M,"ğƒğ«ğ¢ğ¨ğ¬
@captendrios
Â·
Jan 12",2025-01-12T06:01:38.000Z,17000,1800,385,2200000
Gua,209,"Ji
@thvjiha
Â·
14h",2025-01-12T15:29:29.000Z,9,0,12,209
Gua,434,"Catholic
@feedemady
Â·
4h",2025-01-13T02:04:53.000Z,10,2,1,434
Gua,392,"Crypto Lenk - ğ•
@Cryptolenk
Â·
3h",2025-01-13T02:45:36.000Z,4,1,0,392
Gua,319K,"joanna.
@protesional
Â·
Jan 11",2025-01-12T05:00:06.000Z,16000,8000,360,319000
Gua,2.2M,"ğƒğ«ğ¢ğ¨ğ¬
@captendrios
Â·
Jan 12",2025-01-12T06:01:38.000Z,17000,1800,385,2200000
Gua,209,"Ji
@thvjiha
Â·
14h",2025-01-12T15:29:29.000Z,9,0,12,209
Gua,434,"Catholic
@feedemady
Â·
4h",2025-01-13T02:04:53.000Z,10,2,1,434
Gua,392,"Crypto Lenk - ğ•
@Cryptolenk
Â·
3h",2025-01-13T02:45:36.000Z,4,1,0,392
Gua,319K,"joanna.
@protesional
Â·
Jan 11",2025-01-12T05:00:06.000Z,16000,8000,360,319000
Gua,2.2M,"ğƒğ«ğ¢ğ¨ğ¬
@captendrios
Â·
Jan 12",2025-01-12T06:01:38.000Z,17000,1800,385,2200000
Gua,209,"Ji
@thvjiha
Â·
14h",2025-01-12T15:29:29.000Z,9,0,12,209
Gua,434,"Catholic
@feedemady
Â·
4h",2025-01-13T02:04:53.000Z,10,2,1,434
Gua,392,"Crypto Lenk - ğ•
@Cryptolenk
Â·
3h",2025-01-13T02:45:36.000Z,4,1,0,392
Gua,319K,"joanna.
@protesional
Â·
Jan 11",2025-01-12T05:00:06.000Z,16000,8000,360,319000
Gua,2.2M,"ğƒğ«ğ¢ğ¨ğ¬
@captendrios
Â·
Jan 12",2025-01-12T06:01:38.000Z,17000,1800,385,2200000
Gua,209,"Ji
@thvjiha
Â·
14h",2025-01-12T15:29:29.000Z,9,0,12,209
Gua,434,"Catholic
@feedemady
Â·
4h",2025-01-13T02:04:53.000Z,10,2,1,434
Gua,392,"Crypto Lenk - ğ•
@Cryptolenk
Â·
3h",2025-01-13T02:45:36.000Z,4,1,0,392
Gua,319K,"joanna.
@protesional
Â·
Jan 11",2025-01-12T05:00:06.000Z,16000,8000,360,319000
Gua,2.2M,"ğƒğ«ğ¢ğ¨ğ¬
@captendrios
Â·
Jan 12",2025-01-12T06:01:38.000Z,17000,1800,385,2200000
Gua,209,"Ji
@thvjiha
Â·
14h",2025-01-12T15:29:29.000Z,9,0,12,209
Gua,434,"Catholic
@feedemady
Â·
4h",2025-01-13T02:04:53.000Z,10,2,1,434
Gua,392,"Crypto Lenk - ğ•
@Cryptolenk
Â·
3h",2025-01-13T02:45:36.000Z,4,1,0,392
Gua,319K,"joanna.
@protesional
Â·
Jan 11",2025-01-12T05:00:06.000Z,16000,8000,360,319000
Newscum,46K,"Ethan Keller
@theEthanKeller
Â·
13h",2025-01-12T16:18:41.000Z,972,89,56,46000
Newscum,19K,"Politi_Rican ğ•
@TheRicanMemes
Â·
7h",2025-01-12T22:32:38.000Z,587,202,41,19000
Newscum,27K,"alyssa
@alyssamariiee7
Â·
Jan 11",2025-01-12T00:10:06.000Z,500,126,49,27000
Newscum,113K,"Dubbs
@PoconoDubbs
Â·
12h",2025-01-12T17:48:01.000Z,2000,134,122,113000
Newscum,3.3K,"Bing Li
@realBingLi
Â·
13h",2025-01-12T16:36:31.000Z,234,26,0,3300
Newscum,7.6K,"James Pleickhardt
@JamesPleickhar2
Â·
12h",2025-01-12T18:06:44.000Z,257,183,41,7600
Newscum,297,"Silas P. Croft
@silaspcroft
Â·
Jan 11",2025-01-12T04:30:11.000Z,7,2,0,297
Newscum,1K,"Mao_Content
@Mao_Tse_Gundo
Â·
Jan 11",2025-01-12T02:30:17.000Z,18,3,1,1000
Newscum,53,"Avery Warwick
@AveryWarwick
Â·
13h",2025-01-12T16:29:10.000Z,2,0,0,53
Newscum,31K,"I Meme Therefore I Am
@ImMeme0
Â·
Jan 11",2025-01-12T05:39:31.000Z,2300,692,66,31000
Newscum,27K,"Candidly Tiff
@tify330
Â·
Jan 11",2025-01-12T00:02:29.000Z,1200,217,122,27000
Newscum,12K,"Morgana Le Faye *Patriot *America 1st*
@Keltic_Witch
Â·
Jan 11",2025-01-12T02:35:12.000Z,808,187,26,12000
Newscum,3.3K,"Anti Left Memes
@AntiLeftMemes
Â·
Jan 11",2025-01-12T04:22:03.000Z,130,22,2,3300
Newscum,9.5K,"Paula
@PaulaC_mj1981
Â·
3h",2025-01-13T02:19:59.000Z,156,66,37,9500
Newscum,12K,"MichiganAnon93
@T_Lawler93
Â·
15h",2025-01-12T15:08:08.000Z,22,17,3,12000
Newscum,1.8K,"MAGA Kitty
@SaveUSAKitty
Â·
12h",2025-01-12T17:27:28.000Z,96,33,16,1800
Newscum,4.7K,"Jamal
@BlackSouthener
Â·
8h",2025-01-12T21:41:46.000Z,763,210,21,4700
Newscum,761,"OksanaTrump
@OksanaTrump
Â·
2h",2025-01-13T04:03:49.000Z,15,1,2,761
Newscum,205,"Sikkat10
@sikkat10
Â·
Jan 11",2025-01-12T02:01:19.000Z,20,9,0,205
Newscum,15K,"Suzanne
@snoopsmom123
Â·
15h",2025-01-12T14:40:34.000Z,803,233,44,15000
Newscum,79,"DogeWarrior
@DogeWarriorX
Â·
14h",2025-01-12T15:24:43.000Z,3,0,0,79
Newscum,9K,"Donna Marie
@sabback
Â·
2h",2025-01-13T03:23:55.000Z,175,56,22,9000
Newscum,83,"Zac
@real_ZLParker
Â·
5h",2025-01-13T00:20:32.000Z,4,0,0,83
Newscum,95,"TeamMagaKim
@teammagakim
Â·
9h",2025-01-12T20:18:29.000Z,9,0,1,95
Newscum,5.4K,"Adithya
@iamadithya14
Â·
Jan 11",2025-01-12T03:01:18.000Z,30,5,1,5400
Newscum,4.8K,"a
@aroad1234
Â·
15h",2025-01-12T14:16:08.000Z,479,53,98,4800
Newscum,217,"The American Scotsman Mike
@realmwb77
Â·
13h",2025-01-12T16:28:29.000Z,18,4,0,217
Newscum,88,"Zac
@real_ZLParker
Â·
5h",2025-01-13T00:32:09.000Z,4,1,0,88
Newscum,16K,"Stevie Stacks
@StevieStacks84
Â·
11h",2025-01-12T18:10:01.000Z,543,149,33,16000
Newscum,7.9K,"DeeDee Harris
@NCTextileGirl
Â·
12h",2025-01-12T17:22:39.000Z,491,51,6,7900
Newscum,446,"American Crusader
@America_Crusade
Â·
Jan 11",2025-01-12T05:05:12.000Z,16,3,2,446
Newscum,3.4K,"Liberacrat
@Liberacrat
Â·
Jan 11",2025-01-12T02:37:59.000Z,125,24,6,3400
Newscum,68,"Chuck Tompkins
@ChuckTompkins96
Â·
2h",2025-01-13T03:47:14.000Z,5,2,0,68
Newscum,3.1K,"Marga Caplan
@CaplanMaret
Â·
Jan 11",2025-01-12T02:54:11.000Z,26,13,2,3100
Newscum,446,"American Crusader
@America_Crusade
Â·
Jan 11",2025-01-12T05:05:12.000Z,16,3,2,446
Newscum,3.4K,"Liberacrat
@Liberacrat
Â·
Jan 11",2025-01-12T02:37:59.000Z,125,24,6,3400
Newscum,68,"Chuck Tompkins
@ChuckTompkins96
Â·
2h",2025-01-13T03:47:14.000Z,5,2,0,68
Newscum,3.1K,"Marga Caplan
@CaplanMaret
Â·
Jan 11",2025-01-12T02:54:11.000Z,26,13,2,3100
Newscum,446,"American Crusader
@America_Crusade
Â·
Jan 11",2025-01-12T05:05:12.000Z,16,3,2,446
Newscum,3.4K,"Liberacrat
@Liberacrat
Â·
Jan 11",2025-01-12T02:37:59.000Z,125,24,6,3400
Newscum,68,"Chuck Tompkins
@ChuckTompkins96
Â·
2h",2025-01-13T03:47:14.000Z,5,2,0,68
Newscum,3.1K,"Marga Caplan
@CaplanMaret
Â·
Jan 11",2025-01-12T02:54:11.000Z,26,13,2,3100
Newscum,446,"American Crusader
@America_Crusade
Â·
Jan 11",2025-01-12T05:05:12.000Z,16,3,2,446
Newscum,3.4K,"Liberacrat
@Liberacrat
Â·
Jan 11",2025-01-12T02:37:59.000Z,125,24,6,3400
Newscum,68,"Chuck Tompkins
@ChuckTompkins96
Â·
2h",2025-01-13T03:47:14.000Z,5,2,0,68
Newscum,3.1K,"Marga Caplan
@CaplanMaret
Â·
Jan 11",2025-01-12T02:54:11.000Z,26,13,2,3100
Newscum,446,"American Crusader
@America_Crusade
Â·
Jan 11",2025-01-12T05:05:12.000Z,16,3,2,446
Newscum,3.4K,"Liberacrat
@Liberacrat
Â·
Jan 11",2025-01-12T02:37:59.000Z,125,24,6,3400
Newscum,68,"Chuck Tompkins
@ChuckTompkins96
Â·
2h",2025-01-13T03:47:14.000Z,5,2,0,68
Newscum,3.1K,"Marga Caplan
@CaplanMaret
Â·
Jan 11",2025-01-12T02:54:11.000Z,26,13,2,3100
